sector,ticker_a,ticker_b,beta,n_rows,n_events,label_mean,best_threshold,val_auc,test_accuracy,test_balanced_accuracy,test_f1,test_auc,trade_count,trade_win_rate,avg_pnl_proxy,total_pnl_proxy,max_drawdown_proxy,validation_start_date,test_start_date
Consumer_Disc,TSLA,LULU,2.5187198720344397,1572,776,0.3324742317199707,0.47000000000000003,0.5825453112687156,0.3525641025641026,0.47515751575157517,0.49246231155778897,0.5189918991899191,153,0.5816993464052288,0.04774855592515735,7.305529056549075,2.251599533081044,2023-11-29,2025-02-19
Communications,CHTR,WBD,0.4841588448762473,1572,823,0.33778858184814453,0.45,0.3950325251330573,0.5757575757575758,0.4738039083557951,0.2222222222222222,0.3921832884097035,148,0.6216216216216216,0.03415149853680585,5.054421783447266,0.9924492778778076,2023-11-01,2025-01-28
Consumer_Disc,LOW,LULU,1.0828712809142915,1572,822,0.3527980446815491,0.5,0.46499426135432037,0.41818181818181815,0.6128263572316619,0.43529411764705883,0.4985495234148363,132,0.6515151515151515,0.026474270190817842,3.494603665187955,0.3487595306634923,2023-10-20,2025-01-30
Healthcare,LLY,UNH,1.5492388466665767,1572,837,0.3405017852783203,0.48000000000000004,0.5099789915966386,0.38095238095238093,0.5247054686126253,0.43478260869565216,0.6426059433796377,163,0.5644171779141104,0.019566226186927847,3.189294868469239,2.2936009159088133,2024-01-08,2025-02-19
Industrials,CAT,HON,1.4597414515137848,1572,793,0.36948296427726746,0.45,0.6255201109570041,0.44654088050314467,0.39834881320949433,0.22807017543859648,0.28190574475404195,159,0.6981132075471698,0.01838560124163358,2.9233105974197393,0.7097887878417961,2023-12-27,2025-02-21
Tech,ADBE,AMD,0.5217781483741946,1572,872,0.31307339668273926,0.45,0.752529735487307,0.36,0.402,0.30864197530864196,0.41424,150,0.5933333333333334,0.01820872974395752,2.731309461593628,0.569183742523192,2023-12-15,2025-02-13
Tech,ADBE,INTC,0.40666503116685754,1572,865,0.32947975397109985,0.45,0.6679245283018868,0.3236994219653179,0.5282258064516129,0.4558139534883721,0.6436800526662277,173,0.5375722543352601,0.013102553075448626,2.2667416820526123,0.601220264434814,2023-12-27,2025-03-13
Industrials,CAT,ITW,1.6733608600782734,1572,798,0.36591479182243347,0.45,0.5007272727272728,0.3125,0.45113914517040105,0.40217391304347827,0.44247787610619466,159,0.660377358490566,0.013686428777826661,2.176142175674439,0.5664934997558579,2024-02-05,2025-03-07
Tech,AAPL,AMD,0.8052248080290496,1572,833,0.33973589539527893,0.47000000000000003,0.6149350649350649,0.5808383233532934,0.5194327731092436,0.33962264150943394,0.5269607843137255,138,0.6739130434782609,0.014629113974778549,2.0188177285194397,0.8915603046417223,2024-01-02,2025-02-20
Tech,ADBE,TXN,0.5757596465400487,1572,867,0.29873126745224,0.45,0.6237847222222221,0.39655172413793105,0.4555555555555556,0.38596491228070173,0.4637345679012345,152,0.5723684210526315,0.012579724813762464,1.9121181716918945,0.7470378398895259,2023-12-20,2025-02-10
Communications,NFLX,CHTR,0.8745307793516741,1572,830,0.28554216027259827,0.46,0.6007346189164371,0.7048192771084337,0.5044698730556052,0.07547169811320754,0.5535490792061505,129,0.5426356589147286,0.014291581102997938,1.843613962286734,1.1964604784250246,2023-11-10,2025-01-27
Financials,MS,V,2.5007957088135546,1572,822,0.38929441571235657,0.5700000000000001,0.5139423076923076,0.3212121212121212,0.4818181818181818,0.48623853211009177,0.4254545454545454,63,0.6349206349206349,0.027942140609499014,1.7603548583984379,0.25480598449707004,2023-12-19,2025-02-11
Consumer_Disc,LULU,SONO,0.23812685842117912,1572,824,0.31553396582603455,0.46,0.48537037037037034,0.4666666666666667,0.5635732553891122,0.45,0.6202046035805627,146,0.5958904109589042,0.011915490738333088,1.739661647796631,0.9166473655700667,2023-11-10,2025-01-31
Tech,NVDA,ADBE,1.1786537388808516,1572,835,0.3221556842327118,0.5,0.6547921967769296,0.5748502994011976,0.6520715630885122,0.6033519553072626,0.745291902071563,120,0.5583333333333333,0.014418453494707741,1.730214419364929,0.8194396438598629,2024-01-19,2025-01-30
Healthcare,ISRG,HCA,0.49992537107319496,1572,791,0.4045512080192566,0.6000000000000001,0.5686403149089716,0.41509433962264153,0.520618556701031,0.5714285714285714,0.5352510808114399,88,0.7045454545454546,0.01921814307299527,1.6911965904235837,0.30701009559631287,2023-11-07,2025-01-06
Communications,NFLX,CMCSA,1.3372885532305832,1572,820,0.31951218843460083,0.47000000000000003,0.635016835016835,0.25609756097560976,0.512,0.39,0.5614358974358975,164,0.5182926829268293,0.00948152254671767,1.554969697661698,0.942423455283045,2024-01-02,2025-03-10
Consumer_Staples,GIS,HSY,0.6594997531318232,1572,783,0.38314175605773926,0.46,0.6470588235294117,0.3503184713375796,0.47114035087719297,0.5048543689320388,0.4221052631578947,153,0.6339869281045751,0.009749393365157196,1.491657184869051,0.41411465716361906,2023-12-19,2025-02-03
Consumer_Disc,TSLA,LOW,2.1541241326342377,1572,824,0.35922330617904663,0.45,0.37640000000000007,0.38181818181818183,0.42,0.43333333333333335,0.4444615384615385,156,0.5576923076923077,0.009380487735454853,1.4633560867309572,1.9299842567443835,2023-12-14,2025-02-05
Communications,PSKY,WBD,0.7678921817678639,1572,816,0.3762255012989044,0.45,0.4732766474339508,0.4146341463414634,0.5483255249002256,0.48936170212765956,0.5878882526461912,145,0.496551724137931,0.009681395613170904,1.403802363909781,1.0654624788761138,2023-12-11,2025-04-14
Financials,JPM,BRK-A,0.7687687929278627,1572,827,0.349455863237381,0.45,0.639538661468486,0.6204819277108434,0.5690251572327044,0.42201834862385323,0.6830188679245283,137,0.635036496350365,0.01018890007743,1.3958793106079102,0.3077292327880845,2024-01-04,2025-03-12
Consumer_Disc,NKE,SONO,0.4094279102348845,1572,824,0.35922330617904663,0.49000000000000005,0.44299788881069674,0.48484848484848486,0.48711340206185566,0.4444444444444444,0.4899939357186174,110,0.6,0.01255705634030429,1.381276197433472,0.41489635276794345,2023-12-14,2025-01-29
Consumer_Disc,NKE,SBUX,0.8987199181842354,1572,778,0.39203083515167236,0.45,0.5909507235757465,0.5384615384615384,0.48798901853122856,0.29411764705882354,0.5389498970487303,95,0.6210526315789474,0.01440478384994755,1.3684544657450173,0.2123239311575884,2023-11-17,2025-02-11
Consumer_Disc,LOW,TJX,1.1164834866099247,1572,808,0.38985148072242737,0.45,0.48216085466639796,0.654320987654321,0.6047581284694686,0.45098039215686275,0.6964314036478986,110,0.6545454545454545,0.011228600524260073,1.235146057668608,0.6549419613927592,2024-02-29,2025-03-24
Communications,DIS,CHTR,0.8894926487118151,1572,838,0.31622910499572754,0.55,0.5152519893899205,0.30357142857142855,0.4970107262176895,0.4292682926829268,0.4395990856339019,105,0.5428571428571428,0.011707971930149056,1.2293370526656509,0.6372568060904731,2023-11-22,2025-02-03
Communications,CMCSA,WBD,0.2519299824040737,1572,772,0.3588082790374756,0.45,0.3790322580645162,0.3548387096774194,0.3909527195165304,0.38271604938271603,0.47387131176679703,155,0.5806451612903226,0.00751731232673891,1.1651834106445311,0.8085476665496811,2023-10-27,2025-03-25
Communications,META,NFLX,0.7347424847805718,1572,829,0.3160434365272522,0.45,0.6524203431372549,0.6566265060240963,0.677659041576223,0.5777777777777777,0.6612122224077476,165,0.5575757575757576,0.00670548051776308,1.1064042854309082,1.6001292400360096,2023-11-30,2025-02-28
Tech,MSFT,AMD,0.6621188902287719,1572,766,0.40339425206184387,0.5,0.5281228433402347,0.5324675324675324,0.5564956812973735,0.5324675324675324,0.5559668605676009,93,0.5806451612903226,0.01133927700083743,1.054552761077881,0.27518271827697727,2023-10-20,2024-12-12
Tech,MSFT,GOOG,0.794256095689814,1572,786,0.410941481590271,0.47000000000000003,0.6067736185383245,0.35443037974683544,0.3856307435254803,0.4,0.46850459482038426,135,0.6222222222222222,0.0073992287317911805,0.9988958787918094,0.6867588071823116,2023-12-27,2025-01-31
Communications,DIS,WBD,0.5513673138020837,1572,773,0.3764553666114807,0.47000000000000003,0.48951297547102735,0.5096774193548387,0.5320103709613084,0.4153846153846154,0.5155564419625049,110,0.6727272727272727,0.00901847163113681,0.9920318794250491,0.21488112449645969,2024-02-06,2025-04-04
Financials,GS,BLK,1.1910415853758745,1572,834,0.3657074272632599,0.47000000000000003,0.5114563716258631,0.6107784431137725,0.6230529595015576,0.5517241379310345,0.6347352024922118,166,0.6506024096385542,0.005691033914864782,0.9447116298675537,0.3389898843765251,2023-12-15,2025-03-04
Consumer_Staples,PEP,WMT,1.0587798461498836,1572,825,0.34545454382896423,0.5,0.4015406836783823,0.4,0.5,0.5714285714285714,0.5552494643403735,165,0.6060606060606061,0.00572046553074721,0.9438768125732897,1.0366549964696166,2024-02-15,2025-02-07
Financials,MS,BRK-A,1.3983866497925392,1572,919,0.2818280756473541,0.46,0.540763673890609,0.7010869565217391,0.6608814633443756,0.5217391304347826,0.6875990205962841,169,0.5798816568047337,0.005511065646741517,0.9313700942993164,0.6518570175170892,2023-12-19,2025-02-28
Energy,EOG,LNG,0.9275346317587267,1572,811,0.38347718119621277,0.45,0.45312499999999994,0.4233128834355828,0.5,0.5948275862068966,0.5100215849522047,163,0.5766871165644172,0.005576959104625724,0.9090443340539931,0.49331986641883696,2023-11-21,2024-12-19
Industrials,GE,ITW,1.6659130448183705,1572,818,0.3166259229183197,0.45,0.6957465277777778,0.6646341463414634,0.5510526315789473,0.32098765432098764,0.6189473684210527,161,0.5217391304347826,0.0056113478974525975,0.9034270114898681,1.3488507556915255,2023-12-11,2025-02-12
Industrials,GE,UNP,1.1438157351040534,1572,834,0.3441247045993805,0.51,0.641045468605011,0.33532934131736525,0.5,0.5022421524663677,0.4956563706563707,167,0.5568862275449101,0.005205101939732443,0.869252023935318,0.6941595709323845,2023-11-02,2025-02-05
Consumer_Disc,TGT,TJX,0.399209184107011,1572,803,0.30386051535606384,0.45,0.37357445421961555,0.33540372670807456,0.5046296296296297,0.49765258215962443,0.6111111111111112,161,0.5714285714285714,0.005299798491578665,0.853267557144165,0.7942467689514119,2023-11-13,2025-02-27
Communications,META,VZ,0.8018134533512912,1572,795,0.39748427271842957,0.55,0.5646481178396072,0.4025157232704403,0.5103092783505154,0.5662100456621004,0.6160625207848354,94,0.5425531914893617,0.009036958755330839,0.8494741230010989,0.5595408191680908,2024-02-06,2025-04-01
Communications,CHTR,PSKY,0.48365057604845574,1572,803,0.3412204086780548,0.45,0.6087458745874587,0.6832298136645962,0.6535393818544366,0.5565217391304348,0.7148554336989033,105,0.5047619047619047,0.007926900137038458,0.8323245143890381,0.9802589569091793,2023-10-16,2025-02-03
Financials,BAC,BRK-A,0.6988653106642168,1572,824,0.37257280945777893,0.49000000000000005,0.6084374048126713,0.37575757575757573,0.51036051212938,0.47715736040609136,0.47523584905660377,147,0.5578231292517006,0.005511239525412215,0.8101522102355956,0.48278540039062434,2023-12-13,2025-03-07
Financials,GS,BRK-A,1.1580318479712322,1572,876,0.29109588265419006,0.53,0.57328,0.38636363636363635,0.48635235732009924,0.41304347826086957,0.42214640198511166,90,0.6,0.007970365736219618,0.7173329162597657,0.3976416473388658,2023-12-12,2025-03-18
Consumer_Staples,PEP,HSY,0.624640078734887,1572,800,0.39125001430511475,0.51,0.5337276214833759,0.5625,0.5108315863032844,0.35185185185185186,0.47955974842767296,31,0.8064516129032258,0.022904417499419193,0.710036942481995,0.03826470470428467,2023-11-27,2025-03-06
Consumer_Disc,TSLA,HD,3.09617599516983,1572,854,0.3290398120880127,0.5,0.334625322997416,0.4678362573099415,0.47943722943722944,0.43478260869565216,0.3976911976911977,95,0.5473684210526316,0.007341521815249796,0.6974445724487306,1.6146281585693354,2023-11-27,2025-01-22
Energy,XOM,LNG,0.8602199487087712,1572,835,0.34970059990882874,0.5,0.41406249999999994,0.5748502994011976,0.5443019527834451,0.3826086956521739,0.5988050131157097,42,0.6190476190476191,0.016201087022998505,0.6804456549659372,0.21778960359096478,2023-12-26,2025-01-13
Tech,MSFT,TXN,1.0570434232493848,1572,817,0.3402692675590515,0.48000000000000004,0.5374882849109653,0.5609756097560976,0.49955634427684115,0.32075471698113206,0.5245785270629991,97,0.5360824742268041,0.006999527570205865,0.678954174309969,0.5846653184890747,2023-12-19,2025-02-19
Consumer_Staples,GIS,MKC,0.16853402707007822,1572,788,0.4060913622379303,0.45,0.4795801213711661,0.47468354430379744,0.48956996148908855,0.6175115207373272,0.3583119383825417,158,0.5443037974683544,0.0042216521033757864,0.6670210323333743,0.3452083778381348,2023-10-25,2024-12-26
Consumer_Disc,HD,MCD,0.8043979271297023,1572,804,0.3718905448913574,0.47000000000000003,0.47667638483965014,0.4782608695652174,0.4528791429527954,0.3333333333333333,0.4328757951121527,155,0.5483870967741935,0.004242538544439499,0.6575934743881224,0.6134154167175289,2023-12-08,2025-02-24
Consumer_Staples,KO,CL,1.217669667249342,1572,756,0.45105820894241333,0.47000000000000003,0.4695810564663024,0.5921052631578947,0.6296162853539903,0.6172839506172839,0.6161052062691407,149,0.6241610738255033,0.0043522717200669666,0.648488486289978,0.3348676681518553,2023-11-30,2025-03-10
Industrials,HON,LMT,0.2932712533582516,1572,840,0.3678571283817291,0.46,0.6226028399941443,0.6130952380952381,0.5546349466776046,0.3925233644859813,0.5801476620180476,129,0.5736434108527132,0.005023872005847073,0.6480794887542725,0.4370985851287842,2023-12-05,2025-03-27
Industrials,MMM,FDX,0.22160235643571982,1572,761,0.3653087913990021,0.53,0.6505483549351944,0.45098039215686275,0.5280898876404494,0.6037735849056604,0.6181530898876404,104,0.5961538461538461,0.006216196353618915,0.6464844207763671,0.29428767585754395,2023-11-14,2025-01-28
Tech,ORCL,AMD,0.6471011568553869,1572,786,0.3575063645839691,0.45,0.4836389787846098,0.6265822784810127,0.556551724137931,0.3655913978494624,0.5582758620689655,62,0.5645161290322581,0.01010680996987128,0.6266222181320193,0.49478230762481656,2023-12-08,2025-03-10
Industrials,MMM,ITW,-0.1623232994542279,1572,781,0.36235594749450684,0.53,0.6337994214079075,0.6305732484076433,0.6486622073578595,0.6282051282051282,0.6811036789297659,33,0.6363636363636364,0.0187352497216427,0.618263240814209,0.16153296661376954,2023-10-31,2025-01-22
Consumer_Disc,HD,LOW,0.6324998548839935,1572,794,0.36146095395088196,0.45,0.7660638707195074,0.6352201257861635,0.5,0.0,0.5547968589962444,125,0.632,0.0047882347106933615,0.5985293388366701,0.20176791000366157,2023-12-15,2025-02-12
Consumer_Disc,TGT,SONO,0.5706922447936401,1572,809,0.3374536335468292,0.45,0.5862563775510204,0.41358024691358025,0.4279524214103653,0.35374149659863946,0.3598980458793543,144,0.5555555555555556,0.004148783140712314,0.5974247722625732,0.9446982383728003,2023-10-03,2025-03-07
Utilities,SO,XEL,1.1910702740161183,1572,815,0.3595091998577118,0.46,0.45703395703395705,0.5950920245398773,0.5480030721966206,0.3125,0.5497695852534562,99,0.5858585858585859,0.005798178374165237,0.5740196590423585,0.24303709554672243,2023-11-10,2024-12-20
Utilities,SO,SRE,0.9444832765088921,1572,754,0.3978779911994934,0.5700000000000001,0.559180035650624,0.3708609271523179,0.5052083333333334,0.5365853658536586,0.43939393939393934,103,0.6116504854368932,0.005455122917601209,0.5618776605129245,0.19064471435546876,2023-11-08,2025-03-10
Consumer_Disc,HD,TJX,0.6730514897444639,1572,808,0.37995049357414246,0.5,0.4354897660818713,0.5370370370370371,0.45072217502124046,0.21052631578947367,0.3933729821580289,40,0.6,0.013461982727050781,0.5384793090820312,0.13790469551086426,2023-12-14,2025-03-14
Healthcare,ABBV,MRK,1.136277898909297,1572,831,0.33694344758987427,0.47000000000000003,0.6473108747044917,0.5089820359281437,0.5368628640776699,0.5060240963855421,0.5180521844660193,127,0.5354330708661418,0.004239152267575265,0.5383723379820586,0.7912832716703411,2023-09-27,2025-01-31
Industrials,CAT,UNP,1.4460505507629968,1572,813,0.36285361647605896,0.54,0.5106216807247735,0.43558282208588955,0.5072998430141288,0.5490196078431373,0.6654631083202512,50,0.68,0.01072237205505371,0.5361186027526855,0.18679648876190186,2024-01-10,2025-03-17
Financials,BAC,BLK,0.914022842677201,1572,767,0.36636245250701904,0.47000000000000003,0.4781144781144781,0.5714285714285714,0.5001736111111111,0.13157894736842105,0.3402777777777778,31,0.7741935483870968,0.016911716522709015,0.5242632122039794,0.024279666900634767,2024-01-05,2025-02-11
Consumer_Disc,SBUX,TJX,0.684560112216987,1572,782,0.3861892521381378,0.45,0.45392929107895214,0.6305732484076433,0.5099893917963225,0.14705882352941177,0.318953323903819,92,0.5652173913043478,0.00565007721859476,0.519807104110718,0.5361066427230826,2024-01-09,2025-02-27
Industrials,MMM,HON,0.30030467484429235,1572,748,0.3903743326663971,0.5,0.6690909090909091,0.5133333333333333,0.5081835972246931,0.3865546218487395,0.5529265255292652,46,0.5869565217391305,0.010791213657545007,0.49639582824707035,0.1885587387084961,2023-11-20,2025-01-23
Communications,NFLX,WBD,0.4563467742127415,1572,829,0.32086852192878723,0.52,0.5472727272727272,0.39156626506024095,0.45134262063395925,0.30344827586206896,0.4298405007066424,62,0.5967741935483871,0.007652846367128433,0.47447647476196286,0.700782148361206,2023-12-08,2025-03-06
Real_Estate,SPG,AVB,1.5813289785506128,1572,757,0.45838838815689087,0.45,0.47418335089567965,0.506578947368421,0.512987012987013,0.05063291139240506,0.6167965367965368,25,0.76,0.018616315841674804,0.4654078960418701,0.06458225440979004,2023-11-13,2025-02-04
Energy,EOG,SLB,1.0766106669173119,1572,802,0.41022443771362305,0.49000000000000005,0.43886639676113365,0.5962732919254659,0.5598184818481848,0.43478260869565216,0.6097359735973598,62,0.5483870967741935,0.007468343073321926,0.46303727054595945,0.2647586488723755,2023-11-29,2025-02-28
Healthcare,PFE,GILD,0.24514649553364087,1572,833,0.3541416525840759,0.52,0.5965690624075718,0.6047904191616766,0.563695652173913,0.7295081967213115,0.6314492753623189,108,0.48148148148148145,0.004254906451260602,0.45952989673614497,0.2621311664581299,2023-08-23,2024-11-08
Healthcare,LLY,AMGN,3.0292284351299057,1572,834,0.34052756428718567,0.51,0.4115956727518594,0.39520958083832336,0.41773189118321863,0.33986928104575165,0.38380858734841033,67,0.582089552238806,0.006777075924090484,0.45406408691406247,0.8272291107177734,2023-12-14,2025-01-16
Tech,NVDA,ORCL,1.8947342447441577,1572,816,0.33578431606292725,0.45,0.5523790483806478,0.6280487804878049,0.4776094276094276,0.06153846153846154,0.48855218855218857,121,0.5867768595041323,0.003719283742352955,0.45003333282470753,3.889136249542236,2024-02-14,2025-03-07
Industrials,GE,HON,1.4705993078020438,1572,796,0.4396984875202179,0.54,0.5986531986531988,0.5625,0.5492048496299795,0.453125,0.596126594237128,36,0.7222222222222222,0.012319243801964653,0.4434927768707275,0.5931166458129882,2024-01-10,2025-01-21
Consumer_Staples,PG,WMT,0.8962431035675307,1572,833,0.3709483742713928,0.45,0.6430111390585699,0.6526946107784432,0.6015926640926641,0.46296296296296297,0.6446267696267696,165,0.5878787878787879,0.0026110983906370232,0.43083123445510885,0.8971830677986143,2023-12-19,2025-02-12
Energy,EOG,FANG,0.8010540058844599,1572,734,0.42779290676116943,0.45,0.5800817539947974,0.5918367346938775,0.5449392712550607,0.4,0.5742914979757084,136,0.5294117647058824,0.003120443975224214,0.4243803806304931,0.2959318432807922,2024-02-16,2025-03-21
Communications,NFLX,T,-0.17326261625250547,1572,847,0.30932703614234924,0.52,0.4837953091684435,0.38235294117647056,0.5588235294117647,0.4927536231884058,0.632888449497446,128,0.578125,0.0032452578544616695,0.4153930053710937,0.7692378540039062,2024-02-29,2025-02-13
Consumer_Disc,HD,SONO,0.23672973519018123,1572,836,0.3516746461391449,0.49000000000000005,0.5248847926267282,0.5357142857142857,0.575925925925926,0.524390243902439,0.5388888888888889,135,0.5481481481481482,0.0030717293068214693,0.4146834564208984,0.5353150100708008,2023-09-29,2025-01-02
Energy,COP,EOG,1.024793850649936,1572,749,0.435247004032135,0.53,0.24338624338624337,0.5133333333333333,0.515625,0.48226950354609927,0.5256177325581396,56,0.5714285714285714,0.007363194282565798,0.41233887982368467,0.10236391663551331,2023-11-29,2024-12-12
Financials,BRK-A,AXP,0.7943975007584854,1572,871,0.324913889169693,0.45,0.4865056818181818,0.6457142857142857,0.6203095684803002,0.48333333333333334,0.6183552220137586,175,0.5428571428571428,0.002336249215262276,0.40884361267089836,0.6354177093505855,2023-11-24,2025-02-24
Consumer_Disc,LOW,SBUX,1.0798728298165203,1572,799,0.3942427933216095,0.49000000000000005,0.6906693711967545,0.4,0.5285024154589372,0.43529411764705883,0.5335265700483092,137,0.5255474452554745,0.0029484291163674233,0.403934788942337,1.2235177664756771,2023-12-04,2025-01-30
Tech,TXN,AMD,0.47762914754748304,1572,801,0.35830211639404297,0.52,0.5347368421052632,0.6459627329192547,0.6216977466977467,0.4672897196261682,0.6097513597513597,29,0.6551724137931034,0.013891109861176589,0.4028421859741211,0.2727410945892334,2023-11-06,2025-03-13
Healthcare,PFE,ISRG,0.38420296845333823,1572,818,0.3508557379245758,0.46,0.5553447185325743,0.5670731707317073,0.5,0.0,0.4999242768438589,84,0.5,0.00462059884411948,0.38813030290603634,0.6211208119392391,2023-10-12,2024-12-17
Industrials,MMM,LMT,-0.9816804932055797,1572,802,0.38279300928115845,0.5800000000000001,0.6509640230570464,0.4161490683229814,0.5,0.5877192982456141,0.3509050492219753,124,0.5,0.003058343456637474,0.3792345886230468,0.8503843460083004,2023-12-08,2025-01-17
Financials,BRK-A,MA,1.4391632115524744,1572,751,0.4314247667789459,0.45,0.2896341463414634,0.5099337748344371,0.49143330876934416,0.39344262295081966,0.5624539425202653,140,0.5642857142857143,0.0026504528863089422,0.3710634040832519,0.5219552536010741,2023-12-20,2025-03-05
Tech,MSFT,ORCL,0.7728553185931132,1572,770,0.358441561460495,0.48000000000000004,0.6145772594752186,0.6493506493506493,0.6560902520712145,0.6086956521739131,0.6774193548387097,103,0.5825242718446602,0.0035809112845115315,0.36883386230468773,0.2834290523529053,2024-01-17,2025-03-11
Utilities,XEL,PEG,0.4159148610284121,1572,776,0.3543814420700073,0.46,0.4444444444444445,0.42948717948717946,0.436046511627907,0.44025157232704404,0.40232558139534885,131,0.5648854961832062,0.002795255981328833,0.3661785335540771,0.32065327644348146,2023-09-20,2024-12-18
Industrials,HON,UNP,0.8221985014238884,1572,786,0.34987276792526245,0.52,0.47349896480331255,0.3291139240506329,0.5029088558500323,0.38372093023255816,0.552898082309847,63,0.49206349206349204,0.005659044447399321,0.3565198001861572,0.1891393885612488,2024-01-22,2025-03-20
Industrials,UNP,LMT,0.3662696464701476,1572,785,0.3885350227355957,0.56,0.4185450819672131,0.39490445859872614,0.3813497822931785,0.2748091603053435,0.4058417997097242,46,0.5652173913043478,0.0077336301388947854,0.35574698638916014,0.19438235092163086,2023-12-14,2025-02-14
Financials,GS,V,2.0971798754998723,1572,806,0.40074440836906433,0.47000000000000003,0.4436036036036036,0.30246913580246915,0.32267080745341614,0.3687150837988827,0.3304347826086957,128,0.5390625,0.002765690058469772,0.3540083274841308,0.9755142135620098,2023-12-20,2025-02-07
Healthcare,PFE,HCA,0.39489347378405,1572,790,0.3455696105957031,0.48000000000000004,0.5231481481481481,0.5886075949367089,0.5817245817245817,0.6408839779005525,0.611003861003861,137,0.5109489051094891,0.002541471007966647,0.3481815280914306,0.5938181309700011,2023-08-18,2024-11-20
Real_Estate,EQIX,DLR,0.42308645385424254,1572,819,0.3968254029750824,0.5,0.6447368421052632,0.5304878048780488,0.5459091654369569,0.4689655172413793,0.5676340383669454,88,0.48863636363636365,0.003868727857416326,0.3404480514526367,0.29979682922363243,2024-01-31,2025-03-17
Consumer_Disc,LOW,SONO,0.3288177672503152,1572,828,0.3695652186870575,0.56,0.5583765421062041,0.5542168674698795,0.565406976744186,0.6542056074766355,0.46758720930232556,56,0.5178571428571429,0.006031289645603725,0.33775222015380857,0.1909822998046875,2023-11-07,2024-12-26
Tech,GOOG,TXN,1.256950654096414,1572,829,0.36308807134628296,0.52,0.5186813186813187,0.5843373493975904,0.4604519774011299,0.18823529411764706,0.5173022598870056,23,0.6086956521739131,0.014594684517901876,0.33567774391174315,0.33426882362365723,2023-11-02,2025-02-21
Financials,MS,AXP,1.2782012869528974,1572,757,0.422721266746521,0.51,0.48563915857605183,0.4934210526315789,0.5097222222222222,0.6051282051282051,0.5697916666666667,88,0.5454545454545454,0.003727418791164051,0.3280128536224365,0.29323954582214357,2023-11-21,2024-12-13
Communications,VZ,WBD,0.28091539282281475,1572,765,0.3686274588108063,0.46,0.45197132616487457,0.5490196078431373,0.41696428571428573,0.08,0.44047619047619047,78,0.48717948717948717,0.00415710652180207,0.3242543087005615,0.28852053260803223,2023-11-09,2025-02-11
Consumer_Disc,LOW,TGT,0.6140138470366455,1572,865,0.323699414730072,0.46,0.6035612535612535,0.5375722543352601,0.5433089637635092,0.42028985507246375,0.5834392879847425,102,0.5588235294117647,0.0030801658443376126,0.3141769161224365,0.5486670036315918,2023-11-20,2025-03-10
Industrials,MMM,UNP,0.1852900096533477,1572,777,0.36936935782432556,0.53,0.5406658238516646,0.46153846153846156,0.5058823529411764,0.6283185840707964,0.5287489643744822,80,0.575,0.0037982339859008785,0.3038587188720703,0.4903110980987549,2023-10-20,2025-01-29
Consumer_Staples,PG,KO,0.7063609135320702,1572,816,0.36764705181121826,0.5,0.636986301369863,0.43902439024390244,0.50040990326283,0.46511627906976744,0.4038366945400886,115,0.6260869565217392,0.0025644696691761843,0.2949140119552612,0.18719187355041506,2023-11-29,2025-03-21
Utilities,AEP,XEL,1.0593922404056693,1572,812,0.3842364549636841,0.54,0.4331664098613251,0.5337423312883436,0.5,0.696,0.3964004839685421,154,0.5714285714285714,0.0018930511352690778,0.291529874831438,0.3365397690832615,2023-08-25,2024-11-08
Communications,NFLX,VZ,0.9282800288350385,1572,820,0.3573170602321625,0.5,0.6119505494505494,0.5182926829268293,0.50500403551251,0.40601503759398494,0.45843422114608556,74,0.5405405405405406,0.0038485712360691376,0.2847942714691162,0.7961930518150329,2024-01-16,2025-02-27
Consumer_Staples,PG,PEP,0.6488948184423645,1572,813,0.33702337741851807,0.56,0.6107713217804961,0.4049079754601227,0.5,0.5764192139737991,0.3512964698531709,149,0.5436241610738255,0.0019067283476759118,0.28410252380371087,0.43751896286010744,2023-10-20,2025-01-23
Utilities,D,XEL,0.6396260817285447,1572,784,0.39158162474632263,0.51,0.6309250764525993,0.445859872611465,0.4473298599804624,0.445859872611465,0.44692282644089876,69,0.5797101449275363,0.0040302657113559,0.2780883340835571,0.13823208045959473,2023-10-25,2024-12-18
Consumer_Disc,HD,SBUX,0.7337756572959931,1572,826,0.37288135290145874,0.47000000000000003,0.48041310541310545,0.6445783132530121,0.481981981981982,0.0,0.47862407862407863,157,0.49044585987261147,0.0017511907443878757,0.27493694686889647,1.108931434631347,2023-12-20,2025-02-04
Utilities,NEE,SO,0.5699387613010052,1572,768,0.3541666567325592,0.47000000000000003,0.41582936717786,0.538961038961039,0.5042818911685994,0.37168141592920356,0.5009812667261374,110,0.4727272727272727,0.0024778708111156114,0.27256578922271724,0.8794252176284769,2023-11-03,2025-02-07
Industrials,BA,FDX,0.3104343638339987,1572,839,0.35280096530914307,0.47000000000000003,0.5556851311953352,0.5357142857142857,0.4508797653958944,0.23529411764705882,0.5135630498533724,77,0.6493506493506493,0.0035299551827566973,0.2718065490722657,0.36844091796875,2024-01-25,2025-05-06
Communications,META,WBD,0.3862144685043425,1572,840,0.3321428596973419,0.54,0.6771186440677965,0.375,0.5027989426216762,0.5116279069767442,0.4626030166381589,77,0.5714285714285714,0.003418542490377054,0.26322777175903317,0.5215340690612793,2023-12-29,2025-02-10
Consumer_Staples,PEP,CL,1.3000181634026027,1572,792,0.3851010203361511,0.5,0.5618965517241379,0.4968553459119497,0.4332203389830509,0.21568627450980393,0.4247457627118644,43,0.5116279069767442,0.005901843802873478,0.25377928352355955,0.27955540037155147,2024-01-09,2025-03-11
Consumer_Staples,COST,HSY,0.8631495745715122,1572,876,0.3047945201396942,0.51,0.6206587898317222,0.4318181818181818,0.5434752071920214,0.5412844036697247,0.5225453013063632,109,0.43119266055045874,0.002207853229767685,0.24065600204467769,0.4663377208709715,2023-11-29,2025-01-29
Utilities,DUK,AEP,0.9908472669045688,1572,757,0.43989431858062744,0.45,0.5235915492957747,0.3684210526315789,0.4652815746309459,0.5247524752475248,0.5011846181884455,152,0.5460526315789473,0.0015560267251934607,0.23651606222940602,0.18802028661966325,2023-11-06,2025-01-15
Real_Estate,SPG,VICI,1.069518360967252,1572,824,0.39684465527534485,0.47000000000000003,0.6454599761051374,0.6303030303030303,0.5021929824561403,0.14084507042253522,0.6505847953216375,45,0.4888888888888889,0.005201531304253472,0.23406890869140623,0.42157328033447256,2023-12-20,2025-02-12
Real_Estate,O,WELL,0.4501527514040002,1572,834,0.35611510276794434,0.47000000000000003,0.5304347826086957,0.38323353293413176,0.4296716070909619,0.5462555066079295,0.5292066259808195,165,0.503030303030303,0.00137564112923362,0.2269807863235473,0.4372880029678345,2023-10-31,2025-01-27
Utilities,EXC,XEL,1.823649724830189,1572,788,0.3870558440685272,0.47000000000000003,0.5877176558696873,0.5253164556962026,0.5492571059431525,0.6113989637305699,0.5675064599483203,153,0.5359477124183006,0.0014730617797452635,0.22537845230102532,0.6841352005004884,2023-11-02,2024-11-25
Real_Estate,PLD,VICI,0.6005117304267894,1572,805,0.34534162282943726,0.51,0.5269501171744224,0.6024844720496895,0.5835953878406708,0.4666666666666667,0.5709294199860238,44,0.5454545454545454,0.005094811656258322,0.2241717128753662,0.11017407989501954,2023-12-15,2025-02-25
Industrials,GE,FDX,0.6637301892582067,1572,835,0.34371256828308105,0.6200000000000001,0.59263015551048,0.3652694610778443,0.5,0.5350877192982456,0.6067120321682649,46,0.5652173913043478,0.004660969236622686,0.21440458488464353,0.41201761436462403,2023-12-27,2025-02-10
Real_Estate,AVB,VICI,0.3974021869858191,1572,801,0.4107365906238556,0.46,0.6661967418546366,0.6149068322981367,0.6115313368323557,0.5230769230769231,0.631676443346712,141,0.44680851063829785,0.001491691318809563,0.21032847595214837,0.19670038986206057,2023-10-16,2025-01-03
Energy,XOM,SLB,1.0039641886705486,1572,753,0.3891102373600006,0.45,0.35833333333333334,0.609271523178808,0.5,0.0,0.3894620486366986,78,0.5512820512820513,0.002636049478481977,0.2056118593215942,0.3734506359100342,2023-12-11,2025-02-27
Energy,COP,FANG,0.8160519832704562,1572,818,0.3606356978416443,0.5,0.4120749227132206,0.573170731707317,0.5265000795798186,0.375,0.5664491484959414,51,0.6274509803921569,0.003832488658381443,0.1954569215774536,0.26803860545158387,2023-12-26,2025-01-13
Industrials,MMM,RTX,-0.2510547027940014,1572,793,0.36191678047180176,0.5,0.7225296442687746,0.44654088050314467,0.5463917525773196,0.5849056603773585,0.4338210841370137,150,0.5066666666666667,0.0012984580993652363,0.19476871490478542,0.9790776176452631,2023-10-04,2025-01-08
Communications,META,PSKY,0.349548956100341,1572,834,0.3741007149219513,0.5,0.5462519936204147,0.3652694610778443,0.48460774577954324,0.4479166666666667,0.4237007613373055,139,0.49640287769784175,0.0013932184727071853,0.19365736770629877,1.3393071250915514,2024-01-18,2025-02-26
Energy,OXY,FANG,1.0170057468198255,1572,804,0.35323384404182434,0.53,0.5747422680412372,0.32919254658385094,0.5045871559633027,0.49056603773584906,0.6129146083274524,109,0.4954128440366973,0.0017716456597004458,0.19310937690734858,0.396961709022522,2024-01-16,2025-03-19
Communications,DIS,TMUS,-0.16077926017709576,1572,817,0.36964502930641174,0.5,0.6347082868821999,0.5121951219512195,0.5646827348745695,0.5121951219512195,0.5699294966387932,107,0.5514018691588785,0.0017470928798212066,0.1869389381408691,0.3891778068542481,2023-12-28,2025-02-03
Consumer_Staples,PEP,COST,0.6071999932315462,1572,816,0.36151960492134094,0.45,0.462230793956927,0.27439024390243905,0.5,0.430622009569378,0.45359477124183006,164,0.5426829268292683,0.0011132905715849338,0.18257965373992913,0.8393971076011646,2024-01-11,2025-03-04
Energy,COP,SLB,1.1054976035668416,1572,784,0.4030612111091614,0.51,0.5411828737300436,0.5987261146496815,0.6210724043715847,0.5827814569536424,0.5816256830601092,76,0.5789473684210527,0.002401766645280938,0.18253426504135128,0.47460703587532044,2023-12-07,2025-02-18
Industrials,BA,UNP,0.300872422138513,1572,819,0.33089134097099304,0.45,0.4737237237237237,0.573170731707317,0.5476190476190477,0.35185185185185186,0.4987468671679198,96,0.6145833333333334,0.0018966878652572627,0.18208203506469722,0.502495080947876,2024-01-10,2025-05-05
Energy,COP,HAL,1.0072389143239384,1572,816,0.36642158031463623,0.46,0.6587878787878788,0.4878048780487805,0.5115384615384615,0.46153846153846156,0.42980769230769234,158,0.5379746835443038,0.0010494551839707789,0.16581391906738308,1.001522077560423,2023-11-06,2025-02-04
Energy,COP,OXY,0.7648262452792278,1572,779,0.3697047531604767,0.52,0.5011906942663492,0.391025641025641,0.46263736263736266,0.5497630331753555,0.3372781065088758,129,0.5503875968992248,0.0012780333526374752,0.16486630249023432,0.3509863967895508,2023-10-12,2024-12-20
Tech,ADBE,ORCL,0.33048605412353327,1572,814,0.35995087027549744,0.45,0.49872245289045036,0.4233128834355828,0.5359209257473481,0.5607476635514018,0.609450337512054,163,0.4662576687116564,0.0009850581350502056,0.16056447601318352,1.0457653827667235,2023-11-27,2025-02-12
Real_Estate,EQIX,O,0.204155970942661,1572,834,0.3633093535900116,0.54,0.6758095238095239,0.3712574850299401,0.5091857000993049,0.4723618090452261,0.5534591194968553,43,0.5813953488372093,0.0035781886078590564,0.15386211013793943,0.26425683975219727,2023-12-21,2025-03-12
Consumer_Disc,TJX,LULU,0.5679303887126869,1572,833,0.3625450134277344,0.47000000000000003,0.6186612576064908,0.7005988023952096,0.5,0.0,0.5401709401709401,20,0.65,0.007269107818603515,0.1453821563720703,0.0697934160232544,2024-02-09,2025-03-03
Tech,AAPL,ORCL,0.9312903425065007,1572,763,0.3381389379501343,0.47000000000000003,0.554074638233054,0.5359477124183006,0.435971685971686,0.20224719101123595,0.46074646074646075,131,0.5038167938931297,0.0011031485648100622,0.14451246199011814,2.3573668181002123,2023-12-07,2025-03-11
Energy,SLB,HAL,0.8967630517862204,1572,787,0.43074968457221985,0.5700000000000001,0.4916666666666667,0.43037974683544306,0.5085034013605443,0.5263157894736842,0.5579931972789116,25,0.64,0.005623490333557128,0.1405872583389282,0.04127484798431397,2023-12-12,2025-03-10
Utilities,EXC,SRE,1.4711634689810096,1572,814,0.37837839126586914,0.55,0.3574433656957929,0.4539877300613497,0.49453551912568305,0.47337278106508873,0.5080360012857601,22,0.5,0.0063490180102261625,0.13967839622497558,0.15179564094543457,2023-10-25,2024-12-20
Industrials,HON,FDX,0.44010293338219125,1572,787,0.3494282066822052,0.47000000000000003,0.5681159420289855,0.5,0.5452380952380952,0.5269461077844312,0.466156462585034,148,0.5405405405405406,0.000919505557498416,0.13608682250976556,0.3357484073638916,2023-11-27,2025-02-13
Healthcare,JNJ,AMGN,0.6509002767378237,1572,805,0.3888198733329773,0.46,0.4326206673145448,0.5838509316770186,0.5493013655128612,0.40707964601769914,0.5697046681486186,136,0.4632352941176471,0.0009633773004307462,0.13101931285858148,0.5061878261566162,2023-11-24,2025-02-13
Utilities,EXC,CNP,0.9859042512777664,1572,773,0.36351874470710754,0.45,0.47523809523809524,0.3741935483870968,0.4915254237288136,0.5446009389671361,0.4638064971751412,155,0.49032258064516127,0.0007914390333237183,0.12267305016517632,0.2879683420658112,2024-03-07,2025-03-07
Utilities,SRE,CNP,0.5715598794294887,1572,797,0.4127979874610901,0.49000000000000005,0.4033069734004314,0.38125,0.39510718376697757,0.36942675159235666,0.3506791032564228,100,0.46,0.0011860723495483393,0.11860723495483394,0.432193660736084,2024-01-02,2025-02-28
Real_Estate,AMT,AVB,0.29434053450099396,1572,813,0.35178351402282715,0.45,0.5711240310077519,0.4233128834355828,0.4505511328842621,0.5,0.40600122473974276,163,0.4601226993865031,0.0007214476345506909,0.11759596443176262,0.48786444091796877,2023-10-31,2024-12-05
Industrials,UNP,FDX,0.3959865348721195,1572,792,0.3472222089767456,0.5,0.48410630536737886,0.5911949685534591,0.5331595974119339,0.36893203883495146,0.5682961897915169,51,0.5098039215686274,0.0022015255946739045,0.11227780532836912,0.24915008926391602,2023-12-13,2025-01-23
Real_Estate,AMT,O,0.3598769788966375,1572,807,0.3519206941127777,0.45,0.5142056822729092,0.42592592592592593,0.47887984981226533,0.541871921182266,0.5937108886107635,162,0.4876543209876543,0.0006906182324444802,0.11188015365600579,0.7172366523742669,2023-11-06,2024-12-02
Tech,ADBE,PYPL,0.24429778584569412,1572,852,0.30516430735588074,0.49000000000000005,0.39731225296442685,0.4502923976608187,0.4984126984126984,0.36486486486486486,0.4948853615520282,112,0.4732142857142857,0.000995122909545898,0.11145376586914058,0.6578273124694822,2023-11-15,2025-02-05
Industrials,GE,LMT,0.8647226923716981,1572,809,0.3349814713001251,0.45,0.7299475262368815,0.6358024691358025,0.511764705882353,0.06349206349206349,0.5276143790849673,116,0.5086206896551724,0.0009577893101698554,0.11110355997970323,1.0090065122544765,2023-12-27,2025-03-06
Communications,VZ,PSKY,0.26587564176716877,1572,771,0.38780805468559265,0.6100000000000001,0.5630387931034483,0.3870967741935484,0.46868530020703936,0.5454545454545454,0.40743616287094553,45,0.4666666666666667,0.0023915087381998694,0.10761789321899412,0.391727970123291,2023-11-30,2025-02-11
Communications,TMUS,CMCSA,0.15641631085535457,1572,776,0.3298968970775604,0.5,0.6762371615312792,0.44871794871794873,0.4273182957393483,0.2711864406779661,0.466374269005848,76,0.47368421052631576,0.0013535977915713657,0.1028734321594238,0.2871596031188965,2023-11-30,2025-01-06
Communications,DIS,T,1.164962271586519,1572,836,0.33373206853866577,0.51,0.5647328744673877,0.5357142857142857,0.5755430410297667,0.4935064935064935,0.5707160096540627,67,0.5074626865671642,0.0014249720359916114,0.09547312641143796,0.3969616985321045,2023-12-07,2025-03-13
Financials,AXP,BLK,0.9250707334555036,1572,771,0.3527885973453522,0.5,0.5460704607046071,0.5290322580645161,0.49803958177744584,0.3652173913043478,0.47908887229275576,63,0.38095238095238093,0.0015020869043138288,0.09463147497177121,0.3568821620941162,2023-09-11,2025-01-23
Healthcare,PFE,AMGN,0.7003964471081889,1572,822,0.37469586730003357,0.45,0.4422492401215805,0.5333333333333333,0.5,0.0,0.4657615112160567,70,0.5,0.0011728988715580526,0.08210292100906369,0.309151376247406,2023-09-12,2025-01-07
Financials,BAC,MA,1.0410990173583596,1572,802,0.361596018075943,0.46,0.5089587559161596,0.4968944099378882,0.47052154195011336,0.352,0.5285066407515387,122,0.4918032786885246,0.0005021240984807245,0.06125914001464838,0.46173216819763185,2023-11-06,2024-12-24
Utilities,SO,CNP,0.6147473842838732,1572,842,0.36104512214660645,0.5900000000000001,0.3554256010396361,0.3727810650887574,0.5,0.5431034482758621,0.49850254567235697,126,0.46825396825396826,0.0004051466745043553,0.05104848098754877,0.23875108718872073,2023-11-30,2025-01-23
Consumer_Disc,MCD,TGT,0.20566855028479425,1572,809,0.40296661853790283,0.46,0.6245456119092956,0.6111111111111112,0.5078125,0.03076923076923077,0.3156887755102041,64,0.53125,0.0007609288096427913,0.04869944381713864,0.28944303512573244,2023-12-11,2025-02-03
Consumer_Staples,PG,HSY,0.38488120489815936,1572,817,0.33292534947395325,0.6100000000000001,0.6427035330261137,0.4573170731707317,0.5412371134020618,0.600896860986547,0.5020772426527158,31,0.45161290322580644,0.0015086688380087571,0.04676873397827147,0.14732554626464844,2023-09-27,2025-02-18
Utilities,SO,PEG,1.0150383220617292,1572,727,0.4456671178340912,0.51,0.6069389547650417,0.4863013698630137,0.49341238471673254,0.5341614906832298,0.5375494071146245,59,0.5254237288135594,0.000654901599906132,0.038639194394461784,0.1512260317914188,2024-01-18,2025-02-13
Industrials,ITW,UNP,0.790442230444535,1572,778,0.40488430857658386,0.54,0.5020590253946465,0.46794871794871795,0.5263290290122422,0.6028708133971292,0.5445245681703841,33,0.48484848484848486,0.0009840436704231027,0.03247344112396239,0.11023560237884522,2023-12-05,2025-01-28
Consumer_Staples,KO,WMT,0.7670455161991974,1572,828,0.35628020763397217,0.45,0.5185052744502057,0.5,0.5619047619047619,0.6175115207373272,0.6102678571428571,166,0.536144578313253,0.00018038809730345899,0.029944424152374194,0.6188902330398556,2023-12-28,2025-02-05
Financials,BAC,V,1.2029163700681784,1572,790,0.3734177350997925,0.55,0.5226831421006178,0.34177215189873417,0.4440251572327044,0.43478260869565216,0.4945193171608266,45,0.5333333333333333,0.0005281774732801645,0.023767986297607402,0.2652277011871338,2023-12-15,2025-02-21
Energy,XOM,CVX,1.2943485612767474,1572,807,0.3444857597351074,0.52,0.6028581510232887,0.32098765432098764,0.4331140350877193,0.38202247191011235,0.4142909356725146,38,0.47368421052631576,0.0004878873825073238,0.018539720535278303,0.14163720989227296,2023-12-20,2025-03-14
Industrials,ITW,LMT,0.5183736549611524,1572,809,0.3448702096939087,0.47000000000000003,0.5570175438596491,0.4567901234567901,0.42708333333333337,0.2786885245901639,0.41538742690058483,125,0.592,8.649063110351518e-05,0.010811328887939398,0.5657964992523193,2023-12-28,2025-03-05
Real_Estate,EQIX,EQR,0.14009645524560344,1572,817,0.3574051260948181,0.55,0.5214067278287461,0.3231707317073171,0.5034704147145583,0.47393364928909953,0.5162241887905604,68,0.5294117647058824,4.3594360351562056e-05,0.00296441650390622,0.5250040588378906,2023-11-30,2025-03-07
Utilities,DUK,EXC,0.4638111234042854,1572,780,0.39615383744239807,0.49000000000000005,0.46173063820122645,0.5384615384615384,0.5204938271604937,0.1,0.4986008230452675,27,0.4444444444444444,1.0498329445167396e-05,0.0002834548950195197,0.06604280090332032,2023-11-28,2024-12-26
Utilities,SO,EXC,0.6018346088895932,1572,801,0.3333333432674408,0.5,0.53813882532418,0.5527950310559007,0.4778052805280528,0.23404255319148937,0.486963696369637,34,0.5294117647058824,-7.75994132546822e-05,-0.002638380050659195,0.07872988319396973,2023-12-01,2025-01-28
Financials,JPM,V,1.6274712715717894,1572,780,0.37435898184776306,0.45,0.5283224400871459,0.34615384615384615,0.3912283767254936,0.4,0.3559322033898305,154,0.4935064935064935,-2.2055898393903905e-05,-0.003396608352661201,0.6429415302276611,2023-09-28,2025-02-13
Communications,NFLX,TMUS,-0.38223735671338355,1572,851,0.3525264263153076,0.52,0.47577969475779697,0.4269005847953216,0.5148514851485149,0.5882352941176471,0.5405940594059406,145,0.5241379310344828,-2.5938362910829803e-05,-0.0037610626220703214,0.9303301544189426,2024-02-15,2025-02-13
Financials,V,MA,0.8355798980854007,1572,740,0.4121621549129486,0.54,0.5091693635382957,0.4864864864864865,0.4931506849315068,0.6545454545454545,0.5165296803652968,94,0.4787234042553192,-5.6443792708377064e-05,-0.005305716514587444,0.22429844808578492,2023-12-22,2025-02-04
Industrials,ITW,FDX,0.41002181131676213,1572,771,0.4163424074649811,0.53,0.3762755102040816,0.4258064516129032,0.44999999999999996,0.46706586826347307,0.45811965811965816,33,0.48484848484848486,-0.0002943531383167618,-0.00971365356445314,0.17856478118896485,2023-11-28,2025-02-25
Consumer_Staples,PG,CL,1.2905059465860313,1572,822,0.34428223967552185,0.52,0.5153769841269842,0.4484848484848485,0.4671717171717171,0.4484848484848485,0.5114784205693297,40,0.55,-0.00035068142414093064,-0.014027256965637225,0.1777974624633789,2023-11-30,2025-02-04
Energy,SLB,FANG,0.7019342919985383,1572,804,0.3731343150138855,0.46,0.532069970845481,0.40993788819875776,0.482340140609307,0.47513812154696133,0.49614998326079685,150,0.4666666666666667,-0.00011977717621872867,-0.0179665764328093,0.8973774667512626,2024-01-12,2025-03-06
Utilities,NEE,CNP,0.4137987200649645,1572,815,0.38650307059288025,0.5,0.44409212283044064,0.5766871165644172,0.5301616915422885,0.34285714285714286,0.4723258706467661,38,0.47368421052631576,-0.0004930544903403839,-0.018736070632934587,0.2543149452209473,2023-10-26,2025-01-22
Financials,GS,AXP,1.081340107654996,1572,799,0.3692115247249603,0.48000000000000004,0.5384114583333333,0.575,0.5409916543937162,0.41379310344827586,0.5593192603501881,130,0.5076923076923077,-0.00016629663339028035,-0.021618562340736447,0.5558717393875122,2023-12-04,2025-01-30
Real_Estate,AVB,EQR,0.9959496889939324,1572,746,0.46380695700645447,0.45,0.5599264705882352,0.37333333333333335,0.3968108504398827,0.4125,0.3724340175953079,136,0.4338235294117647,-0.00016089164509492805,-0.021881263732910217,0.282565601348877,2023-10-31,2025-02-18
Real_Estate,PLD,SPG,0.47220581046727383,1572,815,0.3558282256126404,0.51,0.5662719633307869,0.4171779141104294,0.5112504018000643,0.5320197044334976,0.462230793956927,94,0.5212765957446809,-0.0002382316183536615,-0.022393772125244182,0.4328210906982422,2023-11-22,2025-01-14
Tech,MSFT,NVDA,0.396871532670238,1572,764,0.44895288348197937,0.46,0.44662698412698415,0.41830065359477125,0.4155844155844156,0.0,0.26589200273410796,102,0.5882352941176471,-0.0002582529105392161,-0.026341796875000045,0.6604998092651367,2023-12-14,2025-01-03
Tech,ORCL,PYPL,-0.16145544008912321,1572,833,0.3289315700531006,0.48000000000000004,0.6153543307086614,0.5269461077844312,0.5424528301886793,0.4397163120567376,0.5604104601125455,127,0.44881889763779526,-0.00026539236354076827,-0.03370483016967757,1.959873119354246,2023-12-13,2025-03-13
Communications,DIS,CMCSA,1.2177300489230103,1572,815,0.3288343548774719,0.52,0.46025910364145656,0.3987730061349693,0.5595874713521772,0.449438202247191,0.5624522536287242,94,0.425531914893617,-0.00040649806692245205,-0.03821081829071049,0.7627695617675778,2023-12-19,2025-03-18
Energy,CVX,LNG,0.65399338936072,1572,794,0.4118387997150421,0.45,0.5568438003220613,0.5345911949685535,0.6016366612111292,0.63,0.6549918166939444,159,0.4591194968553459,-0.00024402166762441758,-0.0387994451522824,0.7088280344009381,2023-11-10,2025-02-03
Healthcare,ABBV,HCA,0.6849328764785785,1572,811,0.37854501605033875,0.49000000000000005,0.5446088150068629,0.5460122699386503,0.5182204676586699,0.3018867924528302,0.5232310962648041,55,0.43636363636363634,-0.0007648418599909007,-0.042066302299499536,0.394055645942688,2023-09-15,2025-01-16
Utilities,NEE,AEP,0.7766640123994792,1572,779,0.3543003797531128,0.56,0.5173611111111112,0.391025641025641,0.4519704433497537,0.45714285714285713,0.4734342012667136,37,0.40540540540540543,-0.0012355728664913696,-0.04571619606018068,0.26506948375701905,2023-12-06,2025-01-17
Financials,BAC,GS,0.6979436899965908,1572,750,0.41333332657814026,0.5,0.5108793382485165,0.5066666666666667,0.515491452991453,0.38333333333333336,0.5092592592592593,42,0.6428571428571429,-0.0010919621104285835,-0.04586240863800051,0.15547987413406372,2023-10-04,2025-01-07
Consumer_Staples,PG,KMB,0.8611984888288486,1572,800,0.39125001430511475,0.5,0.506423258958756,0.50625,0.4715909090909091,0.18556701030927836,0.5779671717171717,25,0.48,-0.0021495156288146976,-0.05373789072036744,0.08829779148101807,2023-11-24,2025-01-14
Healthcare,LLY,HCA,1.0670998889726366,1572,814,0.3685503602027893,0.49000000000000005,0.5883084577114428,0.6319018404907976,0.49801390268123136,0.09090909090909091,0.651439920556107,67,0.44776119402985076,-0.0008931948275708445,-0.05984405344724658,0.8836297773122785,2023-11-21,2025-02-11
Consumer_Staples,KMB,MKC,0.26605716005378793,1572,799,0.3692115247249603,0.45,0.6997863247863247,0.5,0.487481590574374,0.40298507462686567,0.4828996890852561,114,0.49122807017543857,-0.0005347672847279335,-0.060963470458984426,0.4617046356201172,2023-11-30,2025-02-20
Energy,CVX,COP,0.679211690826514,1572,878,0.3371298313140869,0.48000000000000004,0.5129009265858874,0.6022727272727273,0.6598754951895869,0.6022727272727273,0.655631013016412,144,0.5138888888888888,-0.00042711097002029463,-0.06150397968292243,0.2610001726150513,2023-12-20,2025-02-24
Financials,GS,MA,1.7951461134577804,1572,786,0.3982188403606415,0.45,0.49906542056074765,0.5569620253164557,0.5487550200803213,0.453125,0.5222489959839358,141,0.5177304964539007,-0.00047223860828589083,-0.06658564376831061,0.7968834419250487,2023-11-24,2024-12-23
Industrials,HON,ITW,0.879195126031904,1572,800,0.39750000834465027,0.5,0.42957366432811656,0.64375,0.6567024357009027,0.583941605839416,0.6666666666666666,80,0.475,-0.0008658629953861241,-0.06926903963088993,0.4110602791309357,2024-01-23,2025-03-12
Healthcare,MRK,ISRG,0.23538661888489457,1572,811,0.3625154197216034,0.45,0.5510012515644556,0.3558282208588957,0.49680127948820474,0.378698224852071,0.5003998400639744,159,0.49056603773584906,-0.00044571253938494997,-0.07086829376220705,1.2528179435729974,2023-11-29,2025-03-13
Consumer_Disc,NKE,TGT,0.6508159005155675,1572,810,0.3592592477798462,0.5,0.4653312788906009,0.5432098765432098,0.4333050127442651,0.11904761904761904,0.44791843670348347,29,0.5517241379310345,-0.0025206858371866164,-0.07309988927841188,0.45534870100021363,2023-12-13,2025-01-31
Utilities,DUK,PEG,0.8740684819497198,1572,769,0.4265279471874237,0.45,0.4453166815343443,0.5324675324675324,0.5321428571428571,0.5068493150684932,0.53078231292517,138,0.5144927536231884,-0.0005350760376971706,-0.07384049320220953,0.2616269659996033,2023-12-11,2025-01-17
Healthcare,LLY,ABBV,1.4492862782058307,1572,791,0.34260430932044983,0.46,0.5804421768707483,0.559748427672956,0.5084026888604354,0.05405405405405406,0.5152048655569782,52,0.4230769230769231,-0.0015753033252862787,-0.0819157729148865,0.509470030784607,2023-10-10,2025-02-14
Financials,BAC,C,0.8565774714603842,1572,829,0.34016886353492737,0.54,0.49818181818181817,0.3855421686746988,0.442955064737243,0.4742268041237113,0.43290175171363293,96,0.5,-0.0008872745456874331,-0.08517835638599358,0.29302700535953047,2023-10-09,2025-02-18
Healthcare,LLY,MRK,1.9635838739683926,1572,804,0.33457711338996887,0.45,0.6038293897882939,0.7142857142857143,0.5306122448979592,0.11538461538461539,0.4610058309037901,32,0.5,-0.0026692328155040745,-0.08541545009613039,0.967660696029663,2023-10-10,2025-01-30
Energy,EOG,DVN,0.6122977735981223,1572,752,0.4401595890522003,0.49000000000000005,0.5633116883116883,0.5562913907284768,0.6092896174863388,0.6171428571428571,0.6948998178506375,133,0.46616541353383456,-0.0006482551259205758,-0.08621793174743658,0.31780329322814943,2023-12-13,2025-03-06
Communications,META,DIS,0.6879127014923794,1572,787,0.38754764199256897,0.6000000000000001,0.5313111545988258,0.4177215189873418,0.4978590250329381,0.5855855855855856,0.5065876152832675,65,0.5076923076923077,-0.0014023006145770737,-0.0911495399475098,0.5344194374084472,2023-09-28,2025-01-23
Real_Estate,O,EQR,0.5202495144685583,1572,828,0.3635265827178955,0.46,0.4939471440750213,0.5963855421686747,0.5233630952380952,0.10666666666666667,0.446577380952381,114,0.4824561403508772,-0.0009130120862994283,-0.10408337783813482,0.31677663993835453,2023-11-01,2024-12-30
Energy,SLB,DVN,0.521033963664501,1572,818,0.342298299074173,0.49000000000000005,0.5605263157894738,0.5853658536585366,0.4583819849874896,0.10526315789473684,0.5556296914095079,38,0.5,-0.002887492280257376,-0.10972470664978029,0.40272901344299317,2023-11-24,2025-02-20
Healthcare,ABBV,UNH,1.0523493263339097,1572,809,0.31644004583358765,0.53,0.4235253772290809,0.5555555555555556,0.6073513513513513,0.41935483870967744,0.6767567567567567,35,0.5428571428571428,-0.003442583390644619,-0.12049041867256166,0.7313740897178649,2024-01-12,2025-02-24
Consumer_Staples,CL,KMB,0.4703906228941809,1572,812,0.33128079771995544,0.47000000000000003,0.5653533458411507,0.656441717791411,0.5087719298245614,0.034482758620689655,0.508606421714664,29,0.4482758620689655,-0.0042075815529658885,-0.12201986503601076,0.13241697883605957,2023-11-22,2025-01-07
Tech,AAPL,NVDA,0.48538817201302514,1572,803,0.3536737263202667,0.5,0.4403651903651904,0.5341614906832298,0.45861678004535145,0.15730337078651685,0.4285714285714285,26,0.6153846153846154,-0.004832670798668495,-0.12564944076538087,0.23722114753723145,2024-01-03,2025-01-17
Communications,META,TMUS,-0.039458697458493244,1572,801,0.38826465606689453,0.5900000000000001,0.6808189293505621,0.43478260869565216,0.5583333333333333,0.542713567839196,0.55,53,0.49056603773584906,-0.0024585681411455266,-0.13030411148071291,0.5107726516723633,2024-01-23,2025-03-07
Communications,T,CMCSA,0.08262753733052233,1572,802,0.38154613971710205,0.49000000000000005,0.622063492063492,0.5714285714285714,0.5983974358974359,0.5818181818181818,0.6342948717948719,155,0.5032258064516129,-0.0008554897923623366,-0.13260091781616218,0.7028611888885499,2023-11-27,2025-02-11
Consumer_Disc,MCD,SONO,0.08880734089385674,1572,791,0.38305941224098206,0.53,0.5671296296296295,0.44025157232704404,0.43944197844007604,0.41830065359477125,0.4692454026632847,67,0.43283582089552236,-0.0020213311608157946,-0.13542918777465823,0.33559210205078127,2023-11-09,2025-01-14
Real_Estate,O,SPG,0.3083561882276915,1572,801,0.3745318353176117,0.53,0.48637015781922527,0.5838509316770186,0.5838014981273408,0.5562913907284768,0.5813046192259675,20,0.25,-0.007155442714691163,-0.14310885429382325,0.15012614059448243,2023-11-01,2024-12-18
Energy,CVX,FANG,0.5492528441057171,1572,864,0.3263888955116272,0.45,0.4223467164643635,0.48554913294797686,0.5352360817477096,0.38620689655172413,0.5715292459478506,149,0.4966442953020134,-0.0009891373167101973,-0.1473814601898194,0.8369308509826661,2023-12-08,2025-02-24
Communications,NFLX,PSKY,0.32695066831864006,1572,862,0.3445475697517395,0.48000000000000004,0.4483404255319149,0.5549132947976878,0.5310781078107811,0.42105263157894735,0.5099009900990099,131,0.5038167938931297,-0.0011372582821445616,-0.14898083496093756,1.3024343051910396,2024-01-23,2025-02-07
Energy,CVX,SLB,0.7487766747546425,1572,795,0.3836477994918823,0.51,0.6040618260244428,0.3836477987421384,0.5371135873472321,0.51,0.4741193386053199,130,0.4846153846153846,-0.0011544351577758793,-0.15007657051086432,0.7694536437988281,2023-12-05,2025-02-28
Consumer_Staples,HSY,MKC,0.14254976196437652,1572,839,0.34207388758659363,0.52,0.35258408531583263,0.5,0.4725516029863856,0.34375,0.5848338457034109,36,0.4166666666666667,-0.004661344634162056,-0.167808406829834,0.30279945755004883,2023-11-15,2025-02-03
Real_Estate,EQIX,SPG,0.100282449939977,1572,817,0.38188493251800537,0.54,0.6269688203150112,0.3170731707317073,0.507187222715173,0.46153846153846156,0.5430346051464063,78,0.48717948717948717,-0.0021890000074337693,-0.17074200057983402,0.6522743377685547,2023-11-22,2025-03-03
Consumer_Disc,SBUX,TGT,0.3972907407948469,1572,767,0.4067796468734741,0.54,0.6100917431192661,0.44805194805194803,0.49166666666666664,0.6153846153846154,0.3115646258503401,46,0.41304347826086957,-0.0037224136850108275,-0.17123102951049807,0.8546920642852776,2023-11-09,2025-01-21
Utilities,XEL,CNP,0.22265433430405757,1572,816,0.3848039209842682,0.54,0.4628482972136223,0.4451219512195122,0.4539364744844197,0.46153846153846156,0.4205931055246124,69,0.5072463768115942,-0.002488894697548687,-0.1717337341308594,0.46310598754882815,2023-10-16,2024-11-20
Industrials,GE,BA,0.9070345408855222,1572,806,0.3560793995857239,0.56,0.6753333333333333,0.41975308641975306,0.5052631578947369,0.5877192982456141,0.6392772977219168,68,0.38235294117647056,-0.0025648609189426203,-0.17441054248809817,0.6929772801399231,2024-01-04,2025-01-17
Consumer_Staples,CL,MKC,0.3863456493136234,1572,801,0.37578028440475464,0.5800000000000001,0.5043636363636363,0.5093167701863354,0.50625,0.6721991701244814,0.5449074074074074,36,0.3611111111111111,-0.0048644640180799704,-0.17512070465087892,0.1931986484527588,2023-11-21,2024-12-10
Financials,GS,MS,0.8407706755205644,1572,792,0.4002525210380554,0.52,0.5405448717948718,0.3836477987421384,0.5079979360165119,0.5242718446601942,0.46474028207774337,131,0.46564885496183206,-0.0013563194566100613,-0.17767784881591803,0.375787805557251,2023-10-20,2025-01-23
Healthcare,AMGN,ISRG,0.07208897910075972,1572,831,0.34897714853286743,0.52,0.4974137931034483,0.4491017964071856,0.5107341855129466,0.4457831325301205,0.5211406096361848,27,0.37037037037037035,-0.0066874919467502176,-0.18056228256225587,0.36746022415161134,2023-12-29,2025-01-31
Real_Estate,EQIX,WELL,0.1919350883292153,1572,798,0.3483709394931793,0.53,0.6754918183489612,0.5375,0.5583747012318441,0.44776119402985076,0.583379297665012,21,0.47619047619047616,-0.008952415466308594,-0.18800072479248048,0.3900434913635254,2024-01-12,2025-03-27
Healthcare,ABBV,GILD,1.0428036924418613,1572,811,0.3847102224826813,0.52,0.47357689039932027,0.4110429447852761,0.4123719107896323,0.42857142857142855,0.424502712477396,76,0.40789473684210525,-0.002540109548129534,-0.19304832565784458,0.8409419467449184,2023-10-10,2024-11-15
Real_Estate,PLD,O,1.221966023173253,1572,780,0.4000000059604645,0.49000000000000005,0.5515925996566851,0.4358974358974359,0.48854166666666665,0.4942528735632184,0.48159722222222223,125,0.416,-0.0015628380477428442,-0.1953547559678555,0.5116809380054474,2024-01-26,2025-03-13
Financials,JPM,MA,1.3797510604145422,1572,795,0.4176100492477417,0.45,0.4991013659237958,0.5283018867924528,0.5099080532656943,0.6724890829694323,0.5317057704502219,159,0.46540880503144655,-0.0012339903393631467,-0.1962044639587403,0.4312435684204102,2023-11-24,2025-01-17
Energy,CVX,DVN,0.42509492507507807,1572,814,0.3390663266181946,0.5,0.5208101077666295,0.34355828220858897,0.5189885871704053,0.4088397790055249,0.43388429752066116,139,0.460431654676259,-0.001500328887280801,-0.2085457153320313,0.5442815742492675,2024-02-05,2025-04-21
Industrials,GE,MMM,-0.25976315149082296,1572,823,0.38274604082107544,0.6500000000000001,0.6054073803434418,0.34545454545454546,0.509090909090909,0.5045871559633027,0.4699173553719008,81,0.4074074074074074,-0.0026158971904236598,-0.21188767242431644,0.9389705581665022,2024-02-02,2025-03-24
Real_Estate,WELL,DLR,0.14596162706295723,1572,795,0.36226415634155273,0.54,0.6457061457061457,0.44654088050314467,0.5976914414414414,0.5164835164835165,0.6867492492492493,81,0.48148148148148145,-0.0026570994530195078,-0.21522505569458011,0.3235745620727539,2023-12-14,2025-01-28
Utilities,DUK,CNP,0.4797046430606084,1572,774,0.42635658383369446,0.6000000000000001,0.5332225913621262,0.535483870967742,0.48255813953488375,0.6974789915966386,0.4671385237613751,58,0.3793103448275862,-0.0037266501722664673,-0.2161457099914551,0.24341540145874024,2023-12-28,2025-02-03
Consumer_Disc,TSLA,MCD,2.5749135232085774,1572,831,0.38146811723709106,0.51,0.4825930372148859,0.5149700598802395,0.5243445692883895,0.5621621621621622,0.5090751944684528,96,0.5520833333333334,-0.002252207676569616,-0.21621193695068314,2.2326450805664058,2023-10-12,2025-01-17
Financials,MA,AXP,0.3601147765724403,1572,781,0.38668373227119446,0.45,0.5524060646011866,0.6687898089171974,0.5166284403669725,0.1875,0.4933103975535168,147,0.3945578231292517,-0.0014719628055079458,-0.21637853240966803,0.6284876403808595,2023-09-12,2025-01-29
Financials,JPM,AXP,0.730808093885103,1572,779,0.3799743354320526,0.45,0.5017361111111112,0.6025641025641025,0.6178956089478045,0.6436781609195402,0.6016570008285004,153,0.49019607843137253,-0.0015787645975748703,-0.24155098342895515,0.4891262960433959,2023-11-01,2025-01-15
Utilities,AEP,CNP,0.3555131152975334,1572,806,0.3399503827095032,0.52,0.492249527410208,0.2962962962962963,0.42886216466234967,0.3804347826086957,0.4767807585568918,54,0.4074074074074074,-0.004573090023464627,-0.24694686126708987,0.4467031059265137,2023-12-13,2025-02-05
Consumer_Disc,MCD,TJX,0.8034232856723998,1572,802,0.37157106399536133,0.45,0.49571522742254454,0.5590062111801242,0.5,0.0,0.47809076682316115,48,0.3958333333333333,-0.005281837264696758,-0.25352818870544436,0.3231187324523926,2024-01-08,2025-01-14
Energy,XOM,FANG,0.7262044253820888,1572,798,0.3834586441516876,0.46,0.3927323549965059,0.4,0.4877734877734878,0.42168674698795183,0.525831954403383,158,0.4810126582278481,-0.0016265956902805768,-0.2570021190643311,0.9536149930953974,2023-12-22,2025-04-04
Utilities,DUK,SRE,0.6785918446281887,1572,780,0.4153846204280853,0.47000000000000003,0.536096256684492,0.47435897435897434,0.5252747252747253,0.5684210526315789,0.5421808960270499,154,0.461038961038961,-0.0016763944254293076,-0.25816474151611335,0.5676772565841675,2024-01-12,2025-02-26
Utilities,NEE,EXC,0.36625520197075656,1572,819,0.3589743673801422,0.51,0.4055316091954023,0.5182926829268293,0.506838905775076,0.4316546762589928,0.520820668693009,51,0.35294117647058826,-0.005063593396953508,-0.25824326324462893,0.40758361434936524,2023-11-06,2024-12-31
Utilities,AEP,EXC,0.3459974908597646,1572,794,0.3085642457008362,0.56,0.5419103313840156,0.29559748427672955,0.5,0.4563106796116505,0.603533434650456,41,0.36585365853658536,-0.006372307754144437,-0.2612646179199219,0.23132693672180177,2023-12-01,2025-02-20
Energy,SLB,LNG,0.8049666971770295,1572,812,0.3805418610572815,0.53,0.39828024232949,0.3987730061349693,0.5242718446601942,0.5504587155963303,0.6841423948220064,94,0.5106382978723404,-0.002794250625245115,-0.2626595587730408,0.8788302845954894,2023-12-20,2025-01-24
Healthcare,JNJ,PFE,0.41179203402642267,1572,795,0.3836477994918823,0.49000000000000005,0.6689189189189189,0.6289308176100629,0.5097302833731648,0.11940298507462686,0.7058723113690678,31,0.3548387096774194,-0.008520747092462356,-0.264143159866333,0.31875640296936036,2024-02-22,2025-03-04
Financials,BAC,AXP,0.7845016881214815,1572,767,0.38983049988746643,0.5,0.5736013986013987,0.5,0.5285714285714286,0.6051282051282051,0.5462585034013605,125,0.432,-0.0021448636054992682,-0.2681079506874085,0.45233106899261477,2023-11-02,2024-12-04
Financials,BAC,MS,0.5724883856587127,1572,775,0.4077419340610504,0.45,0.5412440838404327,0.5096774193548387,0.5075,0.4647887323943662,0.4985,155,0.4645161290322581,-0.0017588266403444357,-0.2726181292533875,0.5635557732582093,2023-11-24,2025-02-26
Consumer_Staples,PG,COST,0.44167300924095165,1572,786,0.3549618422985077,0.45,0.36719298245614035,0.5,0.5663702239789197,0.6183574879227053,0.6819828722002635,158,0.4873417721518987,-0.0017257913999919655,-0.27267504119873054,0.8234404897689811,2023-10-03,2025-01-13
Communications,DIS,VZ,1.4113908606204508,1572,798,0.3558897376060486,0.5,0.44827586206896547,0.6,0.5090909090909091,0.2727272727272727,0.5037229437229437,33,0.3939393939393939,-0.008298796350305731,-0.2738602795600891,0.42683957862854005,2024-01-30,2025-03-18
Utilities,AEP,SRE,0.6236511326247764,1572,764,0.3573298454284668,0.45,0.37652947719688545,0.7058823529411765,0.4938867438867439,0.0425531914893617,0.564993564993565,98,0.41836734693877553,-0.002816437205489801,-0.27601084613800053,0.3530964107513428,2024-02-14,2025-03-31
Consumer_Disc,NKE,LULU,0.7391063922720238,1572,800,0.34375,0.47000000000000003,0.5884687208216619,0.44375,0.46331981068289385,0.4105960264900662,0.4322177146720757,150,0.44,-0.0018806574349291604,-0.2820986152393741,1.820143825446254,2024-01-30,2025-02-27
Tech,INTC,AMD,-0.07851250228813486,1572,749,0.4098798334598541,0.48000000000000004,0.3784824046920821,0.6466666666666666,0.5,0.0,0.5586461777864229,29,0.4482758620689655,-0.009818244868311388,-0.2847291011810303,0.6001196002960205,2023-11-17,2025-02-13
Real_Estate,O,AVB,0.5446336127181506,1572,821,0.37637028098106384,0.46,0.4216847372810676,0.43636363636363634,0.424512987012987,0.2900763358778626,0.40392561983471076,116,0.46551724137931033,-0.002558976683123359,-0.2968412952423096,0.5615453701019287,2023-10-30,2025-01-15
Energy,CVX,OXY,0.5246234522299521,1572,846,0.33215129375457764,0.5700000000000001,0.7039115646258504,0.38823529411764707,0.5,0.559322033898305,0.6384032634032634,79,0.379746835443038,-0.0038271765407127674,-0.30234694671630863,0.3712945995330811,2023-12-05,2025-02-14
Industrials,HON,RTX,0.5173136412770427,1572,823,0.3183475136756897,0.48000000000000004,0.571938392186326,0.3878787878787879,0.4856194690265487,0.43575418994413406,0.45643294758339004,158,0.46835443037974683,-0.0019314726938175254,-0.305172685623169,0.7264796581268311,2023-11-24,2025-02-05
Consumer_Staples,KMB,HSY,0.050973598967533194,1572,838,0.3233890235424042,0.45,0.6354852876592006,0.5357142857142857,0.5028213166144201,0.3709677419354839,0.46316614420062696,133,0.45864661654135336,-0.0023648706880727214,-0.31452780151367193,0.5970407524108883,2023-09-29,2025-02-11
Consumer_Staples,PG,MKC,0.48861489528050167,1572,775,0.37161290645599365,0.54,0.6603107344632768,0.47096774193548385,0.4692101740294511,0.5,0.5394912985274432,58,0.3448275862068966,-0.005632210665735706,-0.3266682186126709,0.34013415718078616,2023-12-07,2025-02-11
Utilities,DUK,XEL,1.163787934897184,1572,782,0.4104859232902527,0.49000000000000005,0.6000354421407053,0.5159235668789809,0.5203053931124106,0.4492753623188406,0.4775828460038986,87,0.4942528735632184,-0.0038807398258954634,-0.3376243648529053,0.4829374532699585,2023-11-27,2024-12-26
Communications,TMUS,CHTR,-0.12596180331255158,1572,816,0.36274510622024536,0.45,0.6169467787114846,0.6036585365853658,0.4810862398056568,0.19753086419753085,0.5235120596911331,107,0.45794392523364486,-0.0031629305331506465,-0.3384335670471192,0.5245120620727539,2023-12-01,2024-12-30
Real_Estate,PLD,EQR,0.8260989472176694,1572,849,0.3604240417480469,0.46,0.5842911877394636,0.4588235294117647,0.44698327359617684,0.352112676056338,0.4475806451612903,163,0.5030674846625767,-0.0021158972781128685,-0.34489125633239753,0.542652582168579,2023-11-01,2024-12-19
Financials,JPM,BAC,0.727152431615605,1572,790,0.3860759437084198,0.52,0.6023322629711002,0.4873417721518987,0.5234173126614987,0.6232558139534884,0.5523255813953489,87,0.3563218390804598,-0.003965266063295562,-0.3449781475067139,0.4882292041778565,2023-09-21,2024-12-26
Real_Estate,AMT,EQR,0.34218491534868173,1572,797,0.3538268506526947,0.5,0.5892141138732959,0.39375,0.4133631713554987,0.4327485380116959,0.42902813299232734,103,0.4368932038834951,-0.003376450714555759,-0.3477744235992432,0.6847843360900879,2023-11-07,2024-12-09
Communications,META,CHTR,0.8542932069959582,1572,779,0.3851091265678406,0.51,0.44241781548250264,0.5512820512820513,0.4931365820178449,0.2708333333333333,0.49828414550446115,23,0.34782608695652173,-0.015163483785546345,-0.34876012706756593,0.47106199073791505,2023-12-19,2025-01-27
Communications,T,WBD,0.10192419151028775,1572,822,0.34306567907333374,0.46,0.6575608299746231,0.5636363636363636,0.46133682830930534,0.18181818181818182,0.5299803407601572,106,0.39622641509433965,-0.0033361396969489336,-0.35363080787658696,0.5884298000335693,2023-11-03,2025-01-28
Energy,XOM,DVN,0.5522406769213402,1572,807,0.41511771082878113,0.48000000000000004,0.3118556701030928,0.6111111111111112,0.5186543367346939,0.136986301369863,0.4722576530612244,150,0.43333333333333335,-0.002373553593953451,-0.35603303909301764,0.7315711898803705,2023-10-27,2025-02-19
Real_Estate,PLD,EQIX,1.0570081569681051,1572,792,0.3484848439693451,0.51,0.5595163643944132,0.4528301886792453,0.49550847457627123,0.4727272727272727,0.4532203389830509,85,0.4588235294117647,-0.004208194283878103,-0.3576965141296387,0.4897956943511963,2024-01-22,2025-01-27
Consumer_Disc,TJX,SONO,0.11104087635034267,1572,799,0.38673341274261475,0.48000000000000004,0.6593660968660968,0.5625,0.5345694531741043,0.2553191489361702,0.5619107479572596,63,0.3968253968253968,-0.0057352784171937005,-0.36132254028320315,0.4960775718688965,2023-12-28,2025-01-29
Financials,C,V,0.7459369824705733,1572,826,0.33656173944473267,0.45,0.44259673808762395,0.3253012048192771,0.5007062146892656,0.44,0.5150070621468926,166,0.4457831325301205,-0.0021789532277777953,-0.36170623581111405,1.3688150458857393,2023-12-04,2025-03-10
Energy,CVX,EOG,0.6960744164479695,1572,819,0.35164836049079895,0.48000000000000004,0.5798611111111112,0.3231707317073171,0.36385408990420043,0.27450980392156865,0.37914517317612384,148,0.49324324324324326,-0.0025123953754837454,-0.3718345155715943,0.7977143068313592,2023-12-21,2025-03-24
Utilities,SO,AEP,1.210060094858174,1572,804,0.37562188506126404,0.5,0.47149122807017546,0.515527950310559,0.485771677268162,0.36065573770491804,0.475225979243388,64,0.4375,-0.0059407510906457905,-0.3802080698013306,0.4525216856002808,2024-01-24,2025-03-05
Healthcare,ABBV,ISRG,0.5592745638128341,1572,830,0.30843374133110046,0.53,0.4908799066102436,0.3192771084337349,0.4619708994708995,0.45410628019323673,0.513888888888889,82,0.3902439024390244,-0.004637614878212534,-0.38028442001342777,0.6813138074874878,2023-08-31,2025-01-22
Communications,META,T,-0.33107958271548377,1572,787,0.37484118342399597,0.52,0.705704099821747,0.5506329113924051,0.5562678062678063,0.46616541353383456,0.5356125356125355,62,0.5,-0.006172339470155778,-0.38268504714965823,0.9179340896606445,2024-01-24,2025-03-07
Real_Estate,WELL,EQR,1.0340275117964768,1572,780,0.37051281332969666,0.45,0.6162913441238564,0.6282051282051282,0.5451251078515962,0.2564102564102564,0.6533218291630716,58,0.4482758620689655,-0.006612413159732162,-0.38351996326446536,0.45544578647613526,2023-10-31,2025-01-28
Consumer_Staples,PEP,KMB,0.8095455438621361,1572,783,0.3639846742153168,0.5,0.6422849181469871,0.35668789808917195,0.3842451874366768,0.39520958083832336,0.31644714623438025,104,0.4807692307692308,-0.0037625198364257817,-0.3913020629882813,0.8471521296501157,2023-10-23,2025-02-11
Utilities,XEL,SRE,0.368627071029022,1572,785,0.37834393978118896,0.51,0.4742268041237113,0.43312101910828027,0.45678408349641225,0.5658536585365853,0.4848336594911937,117,0.48717948717948717,-0.003346601681831556,-0.39155239677429204,0.5827531890869141,2023-09-05,2024-11-27
Tech,GOOG,AMD,0.7511552600403519,1572,820,0.32926830649375916,0.54,0.45454545454545453,0.3597560975609756,0.5157967032967032,0.4827586206896552,0.5970123626373627,54,0.4444444444444444,-0.007268566590768318,-0.39250259590148917,1.0144004344940178,2023-11-08,2024-12-23
Consumer_Staples,CL,GIS,0.16671518959371498,1572,856,0.3504672944545746,0.5,0.49286956521739134,0.5581395348837209,0.5244223052442231,0.36666666666666664,0.5498823854988237,47,0.44680851063829785,-0.008379485475256089,-0.39383581733703615,0.3703055362701416,2023-11-03,2024-12-27
Communications,NFLX,DIS,0.7934981615423908,1572,825,0.355151504278183,0.46,0.5225059031877214,0.6545454545454545,0.48214285714285715,0.0,0.48214285714285715,158,0.47468354430379744,-0.0025881766759896585,-0.40893191480636604,1.1989211220741267,2023-11-28,2025-02-28
Healthcare,PFE,UNH,0.6312074253286808,1572,849,0.32862189412117004,0.45,0.4651584974165619,0.3058823529411765,0.46707589285714285,0.358695652173913,0.43898809523809523,169,0.4437869822485207,-0.0024368576051215455,-0.41182893526554115,1.2549934231042847,2023-10-30,2025-03-28
Real_Estate,PLD,AVB,0.9200434997065335,1572,845,0.3076923191547394,0.49000000000000005,0.5731414868105515,0.47928994082840237,0.5048076923076923,0.47619047619047616,0.5245562130177515,123,0.45528455284552843,-0.003366671393541203,-0.414100581405568,0.556899136183667,2023-11-29,2025-01-16
Real_Estate,AMT,SPG,0.030586367285205345,1572,815,0.33128833770751953,0.49000000000000005,0.44312354312354313,0.5337423312883436,0.5430982519590114,0.638095238095238,0.5956901748040988,160,0.475,-0.0026401196718215947,-0.42241914749145515,0.6442313232421875,2023-11-15,2024-12-19
Consumer_Staples,KO,MKC,0.22928456386780643,1572,794,0.4080604612827301,0.5,0.5587479935794541,0.5220125786163522,0.5116518706404566,0.3559322033898305,0.540424857324033,42,0.30952380952380953,-0.010230168751307897,-0.42966708755493166,0.5152119541168213,2023-11-28,2025-01-30
Real_Estate,O,VICI,0.38688543802131775,1572,824,0.37621358036994934,0.46,0.5414970247416223,0.6060606060606061,0.5627240143369175,0.32989690721649484,0.5987156511350059,131,0.48091603053435117,-0.003348490503908114,-0.43865225601196295,0.6322028293609618,2023-09-20,2024-12-17
Real_Estate,DLR,VICI,-0.14721295381700494,1572,841,0.36028537154197693,0.48000000000000004,0.5364812971127862,0.727810650887574,0.5271177685950413,0.11538461538461539,0.48605371900826444,55,0.43636363636363634,-0.007978011738170275,-0.4387906455993651,0.6953108291625976,2023-11-07,2025-02-25
Real_Estate,PLD,DLR,0.330383022412381,1572,841,0.34958383440971375,0.5,0.6576744186046511,0.5621301775147929,0.5334057971014492,0.4126984126984127,0.5362318840579711,57,0.38596491228070173,-0.007732988089845892,-0.44078032112121585,0.6648276824951173,2023-10-30,2024-12-20
Consumer_Staples,PEP,MKC,0.18377181853753938,1572,810,0.4395061731338501,0.46,0.3312452253628724,0.5308641975308642,0.5173788265306123,0.43283582089552236,0.4939413265306123,124,0.5,-0.003562382821113833,-0.4417354698181153,0.6334280624389649,2023-11-27,2025-02-10
Consumer_Staples,KO,PEP,0.8330752312570568,1572,784,0.3265306055545807,0.45,0.4610363117095063,0.4140127388535032,0.5,0.5855855855855856,0.4479933110367893,157,0.46496815286624205,-0.0028201741159531724,-0.4427673362046481,0.702699219077825,2023-12-07,2025-01-14
Financials,JPM,BLK,0.8421323078927727,1572,807,0.3531598448753357,0.45,0.5850771869639795,0.4444444444444444,0.40138888888888885,0.021739130434782608,0.5192901234567902,129,0.46511627906976744,-0.0036337578051774083,-0.46875475686788565,0.6791320717334748,2024-01-08,2025-02-03
Industrials,BA,MMM,0.3418154904544376,1572,844,0.3376777172088623,0.45,0.4176487496407013,0.4911242603550296,0.494,0.3384615384615385,0.45418181818181813,126,0.5,-0.0038063245198083303,-0.4795968894958496,0.6617552642822266,2023-12-21,2025-04-25
Tech,AAPL,GOOG,0.9401515832833697,1572,831,0.35980746150016785,0.5,0.4197873324086916,0.4550898203592814,0.4667260843731432,0.44171779141104295,0.4765300059417707,95,0.4421052631578947,-0.005123669934900181,-0.48674864381551713,0.912272911310194,2023-12-13,2025-01-23
Consumer_Staples,COST,KMB,0.5877009681437497,1572,840,0.3523809611797333,0.49000000000000005,0.5460917995006722,0.5773809523809523,0.5838060124787294,0.432,0.6500283607487238,62,0.3709677419354839,-0.008086602241762223,-0.5013693389892578,0.7489226932525634,2023-11-22,2024-12-09
Energy,DVN,HAL,1.558625619528501,1572,843,0.37247923016548157,0.51,0.6249634182031021,0.5976331360946746,0.5854256854256854,0.5142857142857142,0.5787878787878787,39,0.38461538461538464,-0.012904145338596443,-0.5032616682052613,0.820506914138794,2023-09-11,2024-11-26
Utilities,D,EXC,-0.13724206737300404,1572,792,0.3851010203361511,0.5,0.48642576296573675,0.4779874213836478,0.5031769305962854,0.4429530201342282,0.5073313782991202,56,0.35714285714285715,-0.009044351373400008,-0.5064836769104004,0.6054739570617675,2023-11-15,2024-12-12
Financials,C,MA,0.5506879733468312,1572,804,0.3557213842868805,0.51,0.44871355060034307,0.4472049689440994,0.4602877414268821,0.32061068702290074,0.4998029168309026,37,0.2972972972972973,-0.014176055379815996,-0.5245140490531919,0.5529346270561217,2023-11-20,2025-02-24
Financials,BRK-A,V,1.5778812636097992,1572,768,0.4166666567325592,0.53,0.28142959770114934,0.42207792207792205,0.5045831129913626,0.5527638190954773,0.5388683236382866,76,0.5263157894736842,-0.006959581224541912,-0.5289281730651854,0.669218677520752,2023-11-30,2025-02-24
Communications,T,CHTR,0.10521658657980502,1572,806,0.38213399052619934,0.45,0.5235658914728683,0.5061728395061729,0.4729813664596273,0.2857142857142857,0.5031055900621119,161,0.4409937888198758,-0.0033333308533852147,-0.5366662673950195,0.7821805248260494,2023-11-24,2025-02-06
Communications,TMUS,PSKY,0.019032594803172903,1572,795,0.3635220229625702,0.48000000000000004,0.5374440374440375,0.5031446540880503,0.5666602539438246,0.45517241379310347,0.5365525202000769,119,0.44537815126050423,-0.0045181745000246205,-0.5376627655029298,0.6613657455444335,2023-12-11,2025-01-08
Consumer_Staples,KMB,GIS,0.1069626550025342,1572,825,0.324848473072052,0.48000000000000004,0.6199232491205628,0.41818181818181815,0.5038461538461538,0.5514018691588785,0.5590769230769231,161,0.40993788819875776,-0.003360978523396557,-0.5411175422668457,0.6762492599487302,2023-09-28,2025-01-15
Utilities,D,PEG,-0.08006155322327446,1572,801,0.38826465606689453,0.45,0.49127540924626734,0.4968944099378882,0.5328798185941043,0.47058823529411764,0.5809847748623259,158,0.4240506329113924,-0.003441973601715475,-0.543831829071045,1.0246649780273438,2023-12-07,2024-12-13
Utilities,D,AEP,0.2347339818182861,1572,782,0.40409207344055176,0.45,0.5898214285714286,0.5286624203821656,0.5159665300546448,0.5978260869565217,0.5148565573770493,151,0.4105960264900662,-0.003636058516849746,-0.5490448360443116,0.8551043281555168,2023-12-06,2024-12-16
Industrials,BA,HON,0.6793844951115171,1572,844,0.30687204003334045,0.45,0.42073934837092736,0.5562130177514792,0.5250088370448922,0.358974358974359,0.607281724991163,161,0.515527950310559,-0.003507631124176594,-0.5647286109924317,0.9122253856658935,2023-12-06,2025-03-26
Energy,COP,DVN,0.628157051852665,1572,818,0.4413203001022339,0.48000000000000004,0.464397671294223,0.5853658536585366,0.5651589789520824,0.34615384615384615,0.6335273921480817,68,0.4117647058823529,-0.008431411266326901,-0.5733359661102293,0.6290584831237791,2023-10-06,2025-01-17
Tech,AAPL,MSFT,1.2124962135032302,1572,805,0.34658384323120117,0.46,0.6534971644612476,0.6583850931677019,0.52437106918239,0.2028985507246377,0.45108315863032844,45,0.4666666666666667,-0.01279076120588514,-0.5755842542648313,0.5944816064834595,2024-01-18,2025-02-28
Industrials,BA,LMT,-0.0688806478514311,1572,828,0.34903380274772644,0.45,0.46499999999999997,0.6566265060240963,0.5179512195121951,0.2597402597402597,0.5471219512195122,90,0.4777777777777778,-0.006423679139879015,-0.5781311225891114,0.8881616058349595,2023-12-26,2025-04-08
Healthcare,LLY,PFE,1.244698543368621,1572,833,0.3001200556755066,0.49000000000000005,0.5505376344086022,0.7005988023952096,0.5136630923555863,0.10714285714285714,0.6876513317191284,34,0.38235294117647056,-0.017860757378970873,-0.6072657508850097,0.8058711853027338,2023-11-08,2025-02-07
Tech,GOOG,PYPL,0.015149854859934536,1572,848,0.37735849618911743,0.54,0.5674521857923497,0.5941176470588235,0.5860279741314482,0.49635036496350365,0.6494209655587306,35,0.2857142857142857,-0.017526438031877794,-0.6134253311157227,0.6913679046630856,2024-01-09,2025-04-01
Real_Estate,AMT,DLR,0.5870569302076145,1572,845,0.3171597719192505,0.49000000000000005,0.4406810035842294,0.40236686390532544,0.473573092603378,0.5302325581395348,0.4858765288293535,152,0.4473684210526316,-0.004087714935603895,-0.6213326702117921,1.0629814605712882,2023-11-07,2024-12-10
Communications,VZ,T,0.874187170311816,1572,774,0.3682170510292053,0.45,0.6082554517133957,0.5290322580645161,0.5566053796390875,0.5730994152046783,0.5832482124616956,155,0.432258064516129,-0.004032614631037558,-0.6250552678108214,0.7744091734886165,2023-11-27,2025-02-13
Tech,GOOG,ORCL,0.8035015475357479,1572,765,0.32810458540916443,0.51,0.450188679245283,0.6928104575163399,0.6372549019607843,0.5052631578947369,0.6793540945790081,31,0.45161290322580644,-0.020484441418801586,-0.6350176839828492,0.6041896076202393,2023-12-01,2025-02-13
Tech,MSFT,PYPL,-0.07327126428023996,1572,852,0.3685446083545685,0.45,0.5521512385919166,0.5263157894736842,0.5412663006177076,0.4,0.5751544269045985,132,0.4015151515151515,-0.004907702070294003,-0.6478166732788084,1.4338718681335423,2023-11-21,2025-02-12
Healthcare,ABBV,PFE,1.0522730456842557,1572,840,0.3345237970352173,0.48000000000000004,0.5966536712150746,0.5119047619047619,0.5170588235294118,0.47435897435897434,0.5301470588235294,159,0.44654088050314467,-0.0041005141600123,-0.6519817514419557,0.7361495084762537,2023-10-20,2025-01-30
Real_Estate,SPG,WELL,1.3115858410415326,1572,802,0.31546133756637573,0.55,0.49484767025089604,0.37267080745341613,0.5,0.5429864253393665,0.5488448844884489,160,0.4125,-0.0041555513739585884,-0.6648882198333741,0.9855338468551627,2023-12-18,2025-02-28
Real_Estate,O,DLR,0.0006804688396938533,1572,825,0.3636363744735718,0.45,0.5186965811965811,0.5272727272727272,0.5299735527475756,0.15217391304347827,0.546135762562445,161,0.422360248447205,-0.004143762991295098,-0.6671458415985108,0.9178648662567123,2023-11-08,2024-12-23
Healthcare,AMGN,GILD,0.34947170275460904,1572,804,0.33084577322006226,0.47000000000000003,0.4506616257088847,0.36645962732919257,0.36634047840944395,0.34615384615384615,0.3511960236098167,136,0.4411764705882353,-0.004915247370215024,-0.6684736423492432,0.8170831012725822,2023-10-26,2025-01-14
Real_Estate,AMT,PLD,0.17519773993530166,1572,808,0.34158414602279663,0.47000000000000003,0.2874779541446208,0.49382716049382713,0.5030181086519114,0.5,0.5492957746478873,137,0.48175182481751827,-0.004937046329470446,-0.6763753471374512,0.7987705268859862,2023-11-02,2024-12-18
Real_Estate,DLR,AVB,0.26667480353487905,1572,840,0.3392857015132904,0.49000000000000005,0.6840872493046407,0.6964285714285714,0.5970219435736677,0.3855421686746988,0.639655172413793,100,0.5,-0.006935711383819578,-0.6935711383819578,0.8665712203979481,2023-12-14,2025-03-28
Industrials,CAT,MMM,-0.254640004577023,1572,863,0.32792583107948303,0.46,0.4028023598820059,0.7398843930635838,0.5,0.0,0.6230902777777778,58,0.3793103448275862,-0.012091541356053843,-0.701309398651123,1.0433317718505855,2023-12-19,2025-02-27
Tech,AAPL,PYPL,-0.13030076096687085,1572,852,0.3403755724430084,0.55,0.7158004778972521,0.3742690058479532,0.5,0.5446808510638298,0.4465537383177571,124,0.49193548387096775,-0.005743236018765356,-0.7121612663269041,1.151310379028319,2023-10-12,2024-12-26
Consumer_Staples,KO,COST,0.507573649347995,1572,808,0.3675742447376251,0.45,0.5103254067584481,0.5802469135802469,0.6039619164619164,0.6565656565656566,0.6699938574938575,159,0.4779874213836478,-0.004483010286055271,-0.7127986354827882,0.8477632894515967,2023-09-28,2024-12-31
Healthcare,MRK,UNH,0.5642156650366819,1572,829,0.3184559643268585,0.5,0.49358974358974367,0.29518072289156627,0.501701644923426,0.40609137055837563,0.5524673851389676,154,0.5064935064935064,-0.004678024731673203,-0.7204158086776733,2.1487987556457493,2024-01-11,2025-03-27
Real_Estate,AMT,VICI,-0.04231985741865497,1572,796,0.3203517496585846,0.53,0.35591689250225833,0.48125,0.4829545454545454,0.4645161290322581,0.5531881313131313,32,0.28125,-0.0225881849527359,-0.7228219184875488,0.7608260993957515,2023-11-20,2024-12-18
Utilities,D,CNP,-0.13878314379218798,1572,790,0.40632912516593933,0.46,0.5110512129380054,0.4620253164556962,0.5101402737873922,0.40559440559440557,0.5567010309278351,138,0.43478260869565216,-0.005238683285920516,-0.7229382934570312,1.041192398071289,2023-12-01,2024-12-19
Financials,MA,BLK,0.4067582050652066,1572,774,0.4250645935535431,0.48000000000000004,0.6109442776109443,0.6193548387096774,0.5083333333333333,0.03278688524590164,0.5878947368421052,37,0.1891891891891892,-0.019629604906649195,-0.7262953815460202,0.7429571552276606,2023-10-02,2025-01-30
Financials,BRK-A,BLK,0.6758003736706873,1572,897,0.284280925989151,0.47000000000000003,0.45878136200716846,0.46111111111111114,0.5115181570948648,0.3741935483870968,0.5512717965125581,174,0.46551724137931033,-0.004186850098357802,-0.7285119171142576,0.9830710754394516,2023-11-06,2025-01-31
Consumer_Disc,SBUX,SONO,0.2712062241849087,1572,763,0.40366971492767334,0.5,0.44698085419734906,0.5620915032679739,0.6021421107628004,0.6378378378378379,0.6290491118077325,119,0.453781512605042,-0.006207710730929332,-0.7387175769805905,1.0521159858703597,2023-12-05,2025-02-10
Utilities,SRE,PEG,0.8660881377574365,1572,761,0.42049935460090637,0.46,0.41538461538461535,0.5947712418300654,0.5816498316498318,0.48333333333333334,0.5486344930789375,149,0.38926174496644295,-0.005043138030391412,-0.7514275665283203,0.9239353475570665,2023-12-27,2025-03-11
Communications,VZ,CMCSA,0.4397367507956112,1572,798,0.39849624037742615,0.52,0.4516599190283401,0.375,0.4766666666666667,0.5145631067961165,0.5941666666666666,123,0.3821138211382114,-0.006163854319874832,-0.7581540813446044,0.780282041549681,2023-12-06,2025-03-03
Industrials,LMT,FDX,0.012942840358814545,1572,825,0.30424243211746216,0.46,0.4527089072543618,0.7757575757575758,0.5762273901808785,0.3018867924528302,0.6819552110249785,115,0.3130434782608696,-0.006600497038468069,-0.759057159423828,1.3689494247436493,2024-03-05,2025-03-11
Real_Estate,AMT,WELL,0.06970370091743394,1572,817,0.33537331223487854,0.49000000000000005,0.39308035714285716,0.524390243902439,0.5308254963427377,0.5568181818181818,0.5939692491416629,121,0.4380165289256198,-0.006354058856806479,-0.768841121673584,1.004731754302977,2023-11-15,2024-12-13
Consumer_Disc,SBUX,MCD,0.589319399464881,1572,756,0.38359788060188293,0.52,0.5025488530161427,0.4342105263157895,0.515946783305996,0.5473684210526316,0.5647895024603609,93,0.45161290322580644,-0.008307662410120807,-0.7726126041412351,1.0025698771476743,2023-12-05,2025-01-28
Industrials,BA,ITW,0.549370053708208,1572,849,0.31684333086013794,0.45,0.46401515151515155,0.5529411764705883,0.5135762357855651,0.2692307692307692,0.5161290322580645,165,0.46060606060606063,-0.0047047674005681805,-0.7762866210937498,0.8916471252441402,2023-12-21,2025-04-29
Real_Estate,EQIX,VICI,0.14711577435654108,1572,823,0.36938032507896423,0.5700000000000001,0.6644628099173554,0.40606060606060607,0.5288461538461539,0.5545454545454546,0.5595838587641866,84,0.38095238095238093,-0.009284311158316474,-0.7798821372985838,0.9037653541564938,2024-01-04,2025-03-14
Healthcare,AMGN,UNH,0.243019730148227,1572,843,0.3084222972393036,0.51,0.5726584022038568,0.2958579881656805,0.4990960224989956,0.3567567567567568,0.5421856167135395,116,0.46551724137931033,-0.0067268849076895865,-0.780318649291992,1.29670571899414,2023-12-22,2025-03-04
Utilities,D,SRE,-0.18667140763317575,1572,803,0.36239102482795715,0.54,0.5645280235988202,0.5403726708074534,0.560641627543036,0.4861111111111111,0.6374021909233176,39,0.1794871794871795,-0.02054370322594275,-0.8012044258117672,0.7791003646850578,2023-12-01,2024-12-19
Real_Estate,AMT,EQIX,0.32834311660276666,1572,838,0.3448687493801117,0.49000000000000005,0.5702947845804989,0.5595238095238095,0.570858578395153,0.5316455696202531,0.5816462243239249,117,0.358974358974359,-0.006967688796866651,-0.8152195892333982,1.0753016796112043,2023-11-17,2024-12-20
Consumer_Disc,MCD,LULU,0.5227500141420133,1572,781,0.3777208626270294,0.52,0.6645050543581918,0.4012738853503185,0.5475189234650967,0.4268292682926829,0.5096719932716568,64,0.421875,-0.013132355093955994,-0.8404707260131836,1.0270935325622534,2024-01-31,2025-03-14
Industrials,FDX,RTX,0.35668031366474173,1572,840,0.3107142746448517,0.5,0.675263049308851,0.6547619047619048,0.6400177331165953,0.5671641791044776,0.6725284468745382,67,0.3582089552238806,-0.01273021834643919,-0.8529246292114256,0.989310817718505,2023-10-30,2024-12-18
Consumer_Staples,KO,HSY,0.5396793206064987,1572,797,0.3764115571975708,0.55,0.4305106658047835,0.46875,0.5,0.6382978723404256,0.4782745098039215,129,0.4108527131782946,-0.006718739258226498,-0.8667173643112183,0.904669388771056,2023-11-06,2025-01-31
Communications,TMUS,VZ,-0.4741026430342398,1572,788,0.3756345212459564,0.51,0.5032656023222061,0.569620253164557,0.5793560606060606,0.4603174603174603,0.6100378787878789,59,0.3728813559322034,-0.014756081338656149,-0.8706087989807128,0.8802532768249498,2023-12-29,2025-01-29
Healthcare,JNJ,GILD,0.24594774489650198,1572,823,0.340218722820282,0.47000000000000003,0.4272237196765499,0.30303030303030304,0.45768833849329205,0.43349753694581283,0.41468868249054003,165,0.38181818181818183,-0.0054011230468749985,-0.8911853027343748,1.268573911666867,2023-11-24,2025-02-07
Consumer_Staples,COST,GIS,1.0249008145286724,1572,888,0.3220720589160919,0.5,0.6772803114571746,0.5898876404494382,0.49763626251390436,0.24742268041237114,0.49360400444938823,35,0.14285714285714285,-0.02572309167044503,-0.900308208465576,1.1390142116546624,2023-12-13,2025-02-06
Communications,TMUS,WBD,-0.1316213733246062,1572,760,0.4013157784938812,0.49000000000000005,0.5887535145267104,0.6447368421052632,0.5582010582010581,0.34146341463414637,0.6917989417989419,59,0.288135593220339,-0.015286405078435346,-0.9018978996276854,0.9135638504028301,2023-12-06,2025-01-06
Consumer_Staples,PG,GIS,0.4672607792882809,1572,814,0.3390663266181946,0.5,0.5258678237650202,0.4723926380368098,0.5285603715170278,0.5784313725490197,0.6422600619195047,136,0.3382352941176471,-0.00672708657208611,-0.914883773803711,1.100995401382445,2023-09-06,2024-11-20
Consumer_Staples,KO,KMB,0.6123540793352614,1572,793,0.36443883180618286,0.51,0.49083393242271744,0.44025157232704404,0.48357487922705317,0.5572139303482587,0.36763285024154596,117,0.4188034188034188,-0.008132956545577089,-0.9515559158325193,1.113738905906675,2023-11-02,2025-01-17
Industrials,GE,RTX,1.0250388779101274,1572,812,0.35467979311943054,0.56,0.5894886363636364,0.38650306748466257,0.5,0.5575221238938053,0.3873015873015873,124,0.3951612903225806,-0.007819083016726278,-0.9695662940740584,0.953601475119586,2023-11-01,2025-02-04
Industrials,GE,CAT,0.9238852638522105,1572,815,0.34723925590515137,0.53,0.5513059701492538,0.3312883435582822,0.5,0.4976958525345622,0.6755011892626571,163,0.44171779141104295,-0.006386110088778509,-1.040935944470897,1.6474904396831973,2023-12-14,2025-03-10
Healthcare,JNJ,ABBV,0.3150084940542833,1572,814,0.40294840931892395,0.46,0.5657344905175185,0.37423312883435583,0.4143362262937962,0.4069767441860465,0.36370941819350694,145,0.3724137931034483,-0.007201163587899044,-1.0441687202453613,1.14923837471008,2024-01-25,2025-02-13
Healthcare,AMGN,HCA,0.12793980181696807,1572,842,0.3325415551662445,0.48000000000000004,0.6602430555555555,0.5976331360946746,0.6454106280193237,0.5526315789473685,0.6611916264090177,155,0.4129032258064516,-0.00675325172178207,-1.0467540168762208,1.2867580757141082,2023-12-12,2025-01-24
Financials,C,BRK-A,0.1363763643355539,1572,831,0.3561973571777344,0.51,0.5193452380952381,0.5269461077844312,0.5496112237998647,0.4397163120567376,0.5608519269776877,57,0.2807017543859649,-0.018548830199659916,-1.0572833213806152,1.1505562305450425,2023-12-07,2025-03-07
Industrials,BA,RTX,0.3157313649980253,1572,837,0.3608124256134033,0.45,0.4224664224664224,0.5595238095238095,0.5541666666666667,0.4126984126984127,0.5210069444444444,146,0.4589041095890411,-0.0074818872295013845,-1.092355535507202,1.017653802871699,2024-01-04,2025-04-04
Communications,TMUS,T,-0.42080826925690235,1572,821,0.35444578528404236,0.49000000000000005,0.3157793580626561,0.3939393939393939,0.5056746532156369,0.5327102803738317,0.6081336696090793,158,0.4240506329113924,-0.00693826134597199,-1.0962452926635744,1.232737354278558,2023-12-07,2025-01-13
Healthcare,JNJ,ISRG,0.2554974282447358,1572,829,0.33775633573532104,0.48000000000000004,0.4970125786163522,0.42168674698795183,0.4691295546558705,0.3924050632911392,0.38545883940620784,141,0.375886524822695,-0.007778993620094677,-1.0968381004333494,1.3935585384368872,2024-02-08,2025-03-06
Energy,OXY,HAL,1.2478914800902896,1572,845,0.3183431923389435,0.49000000000000005,0.4289458357600466,0.5443786982248521,0.5553838646714379,0.4460431654676259,0.618900455432661,110,0.4,-0.010020027830149044,-1.102203061316395,1.1739562037924758,2023-09-15,2024-12-27
Communications,DIS,PSKY,0.6044196764229169,1572,777,0.35392534732818604,0.47000000000000003,0.5045714285714286,0.6217948717948718,0.5177083333333333,0.11940298507462686,0.3833333333333333,56,0.30357142857142855,-0.02139760558945792,-1.1982659130096436,1.2034330863952614,2024-01-17,2025-03-12
Tech,INTC,PYPL,0.3614896958646579,1572,758,0.3918205797672272,0.45,0.5667447306791569,0.6644736842105263,0.5,0.0,0.6689963113958455,51,0.43137254901960786,-0.02377139237347771,-1.2123410110473631,1.2648576583862283,2023-11-22,2025-02-03
Financials,C,AXP,0.34584380111164126,1572,813,0.3468634784221649,0.51,0.5280788177339901,0.44171779141104295,0.5193840579710145,0.4276729559748428,0.5221014492753623,61,0.29508196721311475,-0.020189907793138843,-1.2315843753814695,1.2786361370086656,2023-11-20,2025-03-10
Financials,MS,MA,2.1743779717684246,1572,838,0.3770883083343506,0.45,0.4689643045542464,0.5535714285714286,0.5069214131218457,0.2268041237113402,0.4174477289113193,128,0.4296875,-0.009766555309295655,-1.2501190795898438,1.4279440078735322,2023-11-30,2025-01-14
Consumer_Staples,PEP,GIS,0.7948086142642844,1572,797,0.36260977387428284,0.5,0.44468085106382976,0.2625,0.5014282575258185,0.3723404255319149,0.4357284113381674,151,0.4105960264900662,-0.008467196552958708,-1.2785466794967648,1.4984670200347858,2024-01-23,2025-04-15
Communications,VZ,CHTR,0.47850666506264544,1572,762,0.3385826647281647,0.54,0.7097388984181437,0.2875816993464052,0.4944382647385984,0.3057324840764331,0.5411568409343714,85,0.4117647058823529,-0.015335605200599218,-1.3035264420509336,1.3490342516899094,2024-01-09,2025-03-18
Utilities,NEE,D,0.1263889877957136,1572,827,0.37605804204940796,0.49000000000000005,0.601055324592261,0.5240963855421686,0.5413739266198283,0.48366013071895425,0.5428571428571428,108,0.2777777777777778,-0.01257772890726725,-1.358394721984863,1.340793838500972,2023-10-25,2024-12-19
Financials,C,MS,0.2360854413221221,1572,830,0.35180723667144775,0.49000000000000005,0.3507246376811594,0.4578313253012048,0.42559523809523814,0.2857142857142857,0.44973544973544977,107,0.34579439252336447,-0.012831345370996778,-1.3729539546966552,1.5693028812408412,2023-11-15,2025-02-18
Consumer_Staples,WMT,CL,0.9696815286084568,1572,817,0.3463892340660095,0.6400000000000001,0.4216842105263158,0.2804878048780488,0.5,0.4380952380952381,0.4552321296978629,129,0.3875968992248062,-0.010658516755399777,-1.3749486614465714,1.5520203912258104,2024-02-27,2025-02-21
Financials,C,BLK,0.548546106680636,1572,831,0.2839951813220978,0.47000000000000003,0.44130291005291006,0.688622754491018,0.5472618154538635,0.2972972972972973,0.527569392348087,96,0.28125,-0.014447998794416586,-1.3870078842639924,1.4959023129940001,2023-12-06,2025-04-04
Tech,ORCL,TXN,1.1755810741149912,1572,788,0.37055838108062744,0.45,0.5431597528684908,0.3670886075949367,0.5185050798258346,0.5,0.60177793904209,158,0.43670886075949367,-0.009450587126273148,-1.4931927659511575,3.828152391195296,2023-12-19,2025-02-11
Healthcare,GILD,HCA,0.18587438193126984,1572,803,0.37110835313796997,0.45,0.5332167832167832,0.4472049689440994,0.44061332503113326,0.3776223776223776,0.3949252801992528,152,0.3881578947368421,-0.009854489414315475,-1.4978823909759522,1.584499944686884,2023-12-14,2024-12-27
Tech,TXN,PYPL,0.011948569890182031,1572,810,0.4037036895751953,0.55,0.5492957746478874,0.24691358024691357,0.5158730158730158,0.3711340206185567,0.42471340388007056,73,0.3972602739726027,-0.02121725505672089,-1.548859619140625,1.5765440330505336,2024-01-23,2025-04-14
Tech,NVDA,TXN,2.293750871838433,1572,817,0.31334149837493896,0.45,0.4809090909090909,0.49390243902439024,0.44886363636363635,0.22429906542056074,0.448626893939394,159,0.49056603773584906,-0.010305301450333508,-1.6385429306030277,4.912899993896484,2023-12-14,2025-03-03
Tech,AAPL,TXN,1.4029140290336486,1572,832,0.34014421701431274,0.49000000000000005,0.46001523229246,0.592814371257485,0.546338028169014,0.2608695652173913,0.5653521126760563,120,0.4,-0.014263069113095604,-1.7115682935714724,2.1002410316467266,2024-01-19,2025-04-17
Tech,GOOG,ADBE,0.7237856466572423,1572,872,0.302752286195755,0.53,0.4218423551756886,0.28,0.32463768115942027,0.3076923076923077,0.27492753623188404,55,0.23636363636363636,-0.031180320479653093,-1.71491762638092,1.6625432868003824,2024-01-23,2025-02-13
Tech,NVDA,INTC,-0.8123561904856801,1572,798,0.35213032364845276,0.6900000000000002,0.5126080056427438,0.4125,0.5174456879526004,0.5648148148148148,0.639894667544437,32,0.28125,-0.05609983849525452,-1.7951948318481445,1.9512006187438953,2023-12-15,2025-01-23
Industrials,CAT,FDX,0.6999297253034694,1572,774,0.3772609829902649,0.47000000000000003,0.5616363636363637,0.6387096774193548,0.5515536723163842,0.28205128205128205,0.47281073446327687,85,0.2,-0.023292963420643523,-1.9799018907546995,2.0038554115295373,2024-02-02,2025-04-03
Healthcare,ISRG,UNH,0.45287464850286646,1572,818,0.347188264131546,0.47000000000000003,0.6453516969995081,0.5426829268292683,0.44551907719609585,0.21052631578947367,0.45785270629991126,129,0.4496124031007752,-0.015849513800569284,-2.0445872802734377,2.7508250274658215,2023-10-19,2025-01-22
Healthcare,JNJ,UNH,0.3559469293001438,1572,829,0.3449939787387848,0.45,0.40340909090909094,0.24096385542168675,0.5367647058823529,0.3225806451612903,0.5154411764705882,166,0.3253012048192771,-0.013147325734058057,-2.1824560718536374,3.0431578254699736,2023-12-27,2025-04-04
Healthcare,GILD,ISRG,0.1402903561930799,1572,788,0.3857868015766144,0.45,0.5071789686552073,0.620253164556962,0.6218473895582329,0.620253164556962,0.6351807228915662,153,0.3333333333333333,-0.0145682155010747,-2.228936971664429,2.31906694412231,2023-12-14,2025-01-10
Industrials,CAT,BA,0.33488261313247575,1572,830,0.32891565561294556,0.45,0.47132253711201083,0.7891566265060241,0.4962121212121212,0.0,0.37032085561497324,156,0.3333333333333333,-0.01482951291402181,-2.313404014587402,2.416855836868283,2024-01-29,2025-04-03
Tech,NVDA,PYPL,-0.28147869049305047,1572,832,0.3774038553237915,0.49000000000000005,0.8069805194805195,0.5868263473053892,0.6483102918586789,0.6145251396648045,0.6967741935483871,150,0.38666666666666666,-0.015594102223714188,-2.339115333557128,3.069832916259762,2023-10-18,2024-11-12
Healthcare,LLY,GILD,2.0976309090129477,1572,799,0.35919898748397827,0.49000000000000005,0.5058228960667985,0.45625,0.47647058823529415,0.5797101449275363,0.4354509803921569,144,0.4305555555555556,-0.01670976958009932,-2.406206819534302,3.6044173660278305,2023-12-05,2024-12-23
Tech,GOOG,NVDA,0.40457985869107427,1572,752,0.3989361822605133,0.46,0.5394199346405228,0.45695364238410596,0.449553950722175,0.31666666666666665,0.4492353440951572,129,0.31007751937984496,-0.018788760222205818,-2.4237500686645506,2.503104719161988,2024-02-26,2025-02-26
Healthcare,LLY,ISRG,0.9712936470845878,1572,750,0.35066667199134827,0.49000000000000005,0.4442105263157894,0.6266666666666667,0.6414917541229386,0.5942028985507246,0.6502998500749625,103,0.36893203883495146,-0.02420252366204865,-2.4928599371910107,2.512774706840516,2023-10-18,2025-01-15
Tech,INTC,TXN,-0.4283563211662677,1572,738,0.41734418272972107,0.45,0.556264066016504,0.6148648648648649,0.489247311827957,0.0,0.6342130987292278,33,0.36363636363636365,-0.08003828753847064,-2.6412634887695314,2.9181193618774413,2023-11-27,2025-03-10
Communications,PSKY,CMCSA,1.6823009366618529,1572,773,0.3945666253566742,0.5,0.6175444715730729,0.567741935483871,0.6205964422741541,0.6127167630057804,0.7056156260899895,112,0.32142857142857145,-0.0256464375427791,-2.8724010047912594,3.1089077110290515,2023-10-24,2024-12-13
Tech,AAPL,INTC,-0.5417586528793514,1572,817,0.3965728282928467,0.51,0.5416799744490578,0.5548780487804879,0.5996114996114996,0.5921787709497207,0.7011655011655011,95,0.3368421052631579,-0.03890770721435548,-3.6962321853637703,3.7883165206909206,2023-10-16,2025-01-07
Healthcare,LLY,JNJ,3.5433308337662837,1572,823,0.3535844385623932,0.48000000000000004,0.5075733161456655,0.3151515151515151,0.29674865229110514,0.18705035971223022,0.26735175202156336,108,0.3611111111111111,-0.036771960647017855,-3.9713717498779286,4.708007736206055,2024-01-22,2025-03-11
Tech,NVDA,AMD,1.5338631188098864,1572,862,0.3027842342853546,0.51,0.5075409836065574,0.47398843930635837,0.5103448275862069,0.44171779141104295,0.5013493253373313,85,0.29411764705882354,-0.04730770425235525,-4.021154861450196,4.107028356552125,2024-01-12,2025-01-14
